Livro,Preco,Disponivel,Quantidade,Avaliacao,Categoria,UCP
A Light in the Attic,51.77,True,22,3,Poetry,a897fe39b1053632
The Boys in the Boat: Nine Americans and Their Epic Quest for Gold at the 1936 Berlin Olympics,22.60,True,19,4,Default,e10e1e165dc8be4a
Sharp Objects,47.82,True,20,4,Mystery,e00eb4fd7b871a48
The Requiem Red,22.65,True,19,1,Young Adult,f77dbf2323deb740
Sapiens: A Brief History of Humankind,54.23,True,20,5,History,4165285e1663650f
The Black Maria,52.15,True,19,1,Poetry,1dfe412b8ac00530
Soumission,50.10,True,20,1,Fiction,6957f44c3847a760
The Dirty Little Secrets of Getting Your Dream Job,33.34,True,19,4,Business,2597b5a345f45e1b
Tipping the Velvet,53.74,True,20,1,Historical Fiction,90fa61229261140a
Libertarianism for Beginners,51.33,True,19,2,Politics,a18a4f574854aced
Mesaerion: The Best Science Fiction Stories 1800-1849,37.59,True,19,1,Science Fiction,e30f54cea9b38190
Scott Pilgrim's Precious Little Life (Scott Pilgrim #1),52.29,True,19,5,Sequential Art,3b1c02bac2a429e6
"Our Band Could Be Your Life: Scenes from the American Indie Underground, 1981-1991",57.25,True,19,3,Music,deda3e61b9514b83
Rip it Up and Start Again,35.02,True,19,5,Music,a34ba96d4081e6a4
Olio,23.88,True,19,1,Poetry,feb7cc7701ecf901
It's Only the Himalayas,45.17,True,19,2,Travel,a22124811bfa8350
Set Me Free,17.46,True,19,5,Young Adult,ce6396b0f23f6ecc
Shakespeare's Sonnets,20.66,True,19,4,Poetry,30a7f60cd76ca58c
"Starving Hearts (Triangular Trade Trilogy, #1)",13.99,True,19,2,Default,0312262ecafa5a40
In Her Wake,12.84,True,19,1,Thriller,23356462d1320d61
Aladdin and His Wonderful Lamp,53.13,True,19,3,Default,904208d6aa64b655
Worlds Elsewhere: Journeys Around Shakespeare’s Globe,40.30,True,18,5,Nonfiction,4c28def39d850cdf
America's Cradle of Quarterbacks: Western Pennsylvania's Football Factory from Johnny Unitas to Joe Montana,22.50,True,19,3,Default,c7d160c2c0de586f
Wall and Piece,44.18,True,18,4,Art,ccd9ffa25efabdea
Black Dust,34.53,True,19,5,Romance,00bfed9e18bb36f3
Birdsong: A Story in Pictures,54.64,True,19,3,Childrens,9528d0948525bf5f
"The Coming Woman: A Novel Based on the Life of the Infamous Feminist, Victoria Woodhull",17.93,True,19,3,Default,e72a5dfc7e9267b2
Chase Me (Paris Nights #2),25.27,True,19,5,Romance,c2e46a2ee3b4a322
"Foolproof Preserving: A Guide to Small Batch Jams, Jellies, Pickles, Condiments, and More: A Foolproof Guide to Making Small Batch Jams, Jellies, Pickles, Condiments, and More",30.52,True,19,3,Food and Drink,5674a18a29a43ced
How Music Works,37.32,True,19,2,Music,327f68a59745c102
"In a Dark, Dark Wood",19.63,True,18,1,Mystery,19ed25f4641d5efd
Penny Maybe,33.29,True,18,3,Default,668fe56b17cfcd4f
Maude (1883-1993):She Grew Up with the country,18.02,True,18,2,Default,094b269567e1c300
Sophie's World,15.94,True,18,5,Philosophy,6be3beb0793a53e7
You can't bury them all: Poems,33.63,True,17,2,Poetry,55f9da0c5eea2e10
The Elephant Tree,23.82,True,18,5,Thriller,5dada2b7be26bd03
The Four Agreements: A Practical Guide to Personal Freedom,17.66,True,18,5,Spirituality,6258a1f6a6dcfe50
The Five Love Languages: How to Express Heartfelt Commitment to Your Mate,31.05,True,18,3,Nonfiction,3c039985229453bf
Behind Closed Doors,52.22,True,18,4,Thriller,be5cc846f45496fb
The Bear and the Piano,36.89,True,18,1,Childrens,9f6568e9c95f60b0
#HigherSelfie: Wake Up Your Life. Free Your Soul. Find Your Tribe.,23.11,True,17,5,Nonfiction,c27f6e1f185b0383
Untitled Collection: Sabbath Poems 2014,14.27,True,16,4,Poetry,657fe5ead67a7767
"We Love You, Charlie Freeman",50.27,True,16,5,Fiction,8d455c7539795d2a
Without Borders (Wanderlove #1),45.07,True,16,2,New Adult,acddfeab2a407640
When We Collided,31.77,True,16,1,Contemporary,3ecb690d1542c568
Private Paris (Private #10),47.61,True,17,5,Fiction,b12b89017878a60d
Slow States of Collapse: Poems,57.31,True,17,3,Poetry,b4fd5943413e089a
The Past Never Ends,56.50,True,16,4,Mystery,5ee94540d0749ea0
"The Pioneer Woman Cooks: Dinnertime: Comfort Classics, Freezer Food, 16-Minute Meals, and Other Delicious Ways to Solve Supper!",56.41,True,16,1,Food and Drink,142d767a56a9254d
The Secret of Dreadwillow Carse,56.13,True,16,1,Childrens,b5ea0b5dabed25a8
Thirst,17.27,True,16,5,Fiction,709822d0b5bcb7f4
The Torch Is Passed: A Harding Family Story,19.09,True,16,1,Add a comment,4eed62cf5f8d8edf
This One Summer,19.49,True,16,4,Sequential Art,51653ef291ab7ddc
The Natural History of Us (The Fine Art of Pretending #2),45.22,True,16,3,Young Adult,cedf82b5086e4691
"Unbound: How Eight Technologies Made Us Human, Transformed Society, and Brought Our World to the Brink",25.52,True,16,1,History,9a9d6e9bc555731e
Tsubasa: WoRLD CHRoNiCLE 2 (Tsubasa WoRLD CHRoNiCLE #2),16.28,True,16,1,Sequential Art,09555be379ad9253
"Unseen City: The Majesty of Pigeons, the Discreet Charm of Snails & Other Wonders of the Urban Wilderness",44.18,True,16,4,Nonfiction,d170b5a0da46380e
Unicorn Tracks,18.78,True,16,3,Fantasy,7ae099f3898e0209
The Nameless City (The Nameless City #1),38.16,True,16,4,Sequential Art,7d385d34d12e60ff
The Electric Pencil: Drawings from Inside State Hospital No. 3,56.06,True,16,1,Nonfiction,a30b270e25489e5c
The Death of Humanity: and the Case for Life,58.11,True,16,4,Philosophy,bd261725b99f5983
"The Bulletproof Diet: Lose up to a Pound a Day, Reclaim Energy and Focus, Upgrade Your Life",49.05,True,16,3,Health,43c6a960757cf559
The Gutsy Girl: Escapades for Your Life of Epic Adventure,37.13,True,16,1,Nonfiction,acd86a5426e21ca0
"The Inefficiency Assassin: Time Management Tactics for Working Smarter, Not Longer",20.59,True,16,5,Default,8c9e6bf2467d740d
The Life-Changing Magic of Tidying Up: The Japanese Art of Decluttering and Organizing,16.77,True,16,3,Nonfiction,0da9aa9d24677fc0
Reasons to Stay Alive,26.41,True,17,2,Nonfiction,c8f7f0cb1abb9cac
"The Mindfulness and Acceptance Workbook for Anxiety: A Guide to Breaking Free from Anxiety, Phobias, and Worry Using Acceptance and Commitment Therapy",23.89,True,16,4,Add a comment,31075275518532d7
The Most Perfect Thing: Inside (and Outside) a Bird's Egg,42.96,True,16,4,Science,aadee1c326d286e3
The Murder That Never Was (Forensic Instincts #5),54.11,True,16,3,Fiction,d01ac97e2b8947c2
Security,39.25,True,16,2,Horror,6f78a0d744c35456
"Saga, Volume 6 (Saga (Collected Editions) #6)",25.02,True,16,3,Fantasy,c849f0b2f5d6a742
Throwing Rocks at the Google Bus: How Growth Became the Enemy of Prosperity,31.12,True,16,3,Nonfiction,7858914fad68493c
Reskilling America: Learning to Labor in the Twenty-First Century,19.83,True,16,2,Nonfiction,d7310206583a54b6
Soul Reader,39.58,True,16,2,Default,e6af5bf1163c1151
"Rat Queens, Vol. 3: Demons (Rat Queens (Collected Editions) #11-15)",50.40,True,16,3,Sequential Art,c82a3e358c773c73
"Saga, Volume 5 (Saga (Collected Editions) #5)",51.04,True,16,2,Sequential Art,53a3d11bb568cc8b
The Activist's Tao Te Ching: Ancient Advice for a Modern Revolution,32.24,True,16,5,Spirituality,7d6d2a6c0276f81b
The Age of Genius: The Seventeenth Century and the Birth of the Modern Mind,19.73,True,16,1,History,a3d2a4250807f1e9
Spark Joy: An Illustrated Master Class on the Art of Organizing and Tidying Up,41.83,True,16,4,Nonfiction,87b0615b6e1f4d7b
The Art Forger,40.76,True,16,3,Add a comment,80cfab6bcff3a244
"Princess Jellyfish 2-in-1 Omnibus, Vol. 01 (Princess Jellyfish 2-in-1 Omnibus #1)",13.61,True,16,5,Sequential Art,0fa6dceead7ce47a
Obsidian (Lux #1),14.86,True,16,2,Young Adult,3c346ab1e76ae1f6
On a Midnight Clear,14.07,True,16,3,Add a comment,b757c0c361e689ce
orange: The Complete Collection 1 (orange: The Complete Collection #1),48.41,True,16,1,Sequential Art,11809b1d323b3057
Online Marketing for Busy Authors: A Step-By-Step Guide,46.35,True,16,1,Self Help,9ffa38d3b832433a
"Outcast, Vol. 1: A Darkness Surrounds Him (Outcast #1)",15.44,True,16,4,Sequential Art,889139b8e9c4cb36
Patience,10.16,True,16,3,Sequential Art,9429b4d59c537af5
"Political Suicide: Missteps, Peccadilloes, Bad Calls, Backroom Hijinx, Sordid Pasts, Rotten Breaks, and Just Plain Dumb Mistakes in the Annals of American Politics",36.28,True,16,2,History,7392c0032f92d816
"Pop Gun War, Volume 1: Gift",18.97,True,16,1,Sequential Art,e80f8e518b300dfe
Princess Between Worlds (Wide-Awake Princess #5),13.34,True,16,5,Fantasy,0e691eda369f4e09
In the Country We Love: My Family Divided,22.00,True,16,4,Nonfiction,b136b1b180ca753a
Join,35.67,True,16,5,Science Fiction,18ad3ed896c7ce05
Judo: Seven Steps to Black Belt (an Introductory Guide for Beginners),53.90,True,16,2,Add a comment,228f74b74f3a08ae
Lumberjanes Vol. 3: A Terrible Plan (Lumberjanes #9-12),19.92,True,16,2,Sequential Art,57e5a4d515c8ce44
"Layered: Baking, Building, and Styling Spectacular Cakes",40.11,True,16,1,Food and Drink,7b75cc7f223791f4
"Lumberjanes, Vol. 1: Beware the Kitten Holy (Lumberjanes #1-4)",45.61,True,16,3,Sequential Art,b6ee99bcf06fc91f
"Lumberjanes, Vol. 2: Friendship to the Max (Lumberjanes #5-8)",46.91,True,16,2,Sequential Art,460089f796fb3f82
"Mama Tried: Traditional Italian Cooking for the Screwed, Crude, Vegan, and Tattooed",14.02,True,16,4,Food and Drink,72f9d5be3472d34e
Masks and Shadows,56.40,True,16,2,Fantasy,fa9610a50a1bf149
My Paris Kitchen: Recipes and Stories,33.37,True,16,2,Food and Drink,784bc2279baa878d
Immunity: How Elie Metchnikoff Changed the Course of Modern Medicine,57.36,True,16,5,Science,e4f74c16de34d440
Everydata: The Misinformation Hidden in the Little Data You Consume Every Day,54.35,True,16,2,Nonfiction,311c0dd0e354a33e
Fifty Shades Darker (Fifty Shades #2),21.96,True,16,1,Romance,7add3f8e49ec0826
First and First (Five Boroughs #3),15.97,True,16,4,Romance,9e28048cea8d41f7
Forever and Forever: The Courtship of Henry Longfellow and Fanny Appleton,29.69,True,16,3,Historical Fiction,9beb96a2300109d7
"Giant Days, Vol. 2 (Giant Days #5-8)",22.11,True,16,2,Sequential Art,f2df3bb043a8abb0
Her Backup Boyfriend (The Sorensen Family #1),33.97,True,16,1,Romance,2a97cffe61c3c4c7
How to Be Miserable: 40 Strategies You Already Use,46.03,True,16,1,Self Help,a6f99b9e687f9d46
I am a Hero Omnibus Volume 1,54.63,True,16,3,Sequential Art,1c89ae5bb804e4de
"I Hate Fairyland, Vol. 1: Madly Ever After (I Hate Fairyland (Compilations) #1-5)",29.17,True,16,2,Sequential Art,8d4eefad7a2b3915
"Avatar: The Last Airbender: Smoke and Shadow, Part 3 (Smoke and Shadow #3)",28.09,True,16,2,Fantasy,6d5300b2d8f37e07
"Bitch Planet, Vol. 1: Extraordinary Machine (Bitch Planet (Collected Editions))",37.92,True,16,2,Sequential Art,bdf415fd484ea8a7
Bossypants,49.46,True,16,2,Default,74baabfc8fd84b38
Burning,28.81,True,16,3,Young Adult,5ceb951f629700a2
Call the Nurse: True Stories of a Country Nurse on a Scottish Isle,29.14,True,16,5,Nonfiction,bee3672891cca906
"Codename Baboushka, Volume 1: The Conclave of Death",36.72,True,16,4,Sequential Art,8754c83ab2a7ae71
Crown of Midnight (Throne of Glass #2),43.29,True,16,3,Fantasy,7267864328ae8b9d
Danganronpa Volume 1,51.99,True,16,4,Sequential Art,09b6cc87e62c2c58
Camp Midnight,17.08,True,16,4,Sequential Art,7b599c8bfcdd8d30
"Don't Be a Jerk: And Other Practical Advice from Dogen, Japan's Greatest Zen Master",37.97,True,16,2,Religion,fce19f9b4a943f22
Algorithms to Live By: The Computer Science of Human Decisions,30.81,True,16,1,Nonfiction,38d45839cb1c83c1
(Un)Qualified: How God Uses Broken People to Do Big Things,54.00,True,16,5,Christian,e4ac92d89b946781
A Court of Thorns and Roses (A Court of Thorns and Roses #1),52.37,True,16,1,Fantasy,01d2001ac1e6f8a3
A Fierce and Subtle Poison,28.13,True,16,4,Young Adult,842790dfaa937484
A Flight of Arrows (The Pathfinders #2),55.53,True,16,5,Historical Fiction,3a6fb983e2554023
A Murder in Time,16.64,True,16,1,Mystery,f733e8c19d40ec2e
A World of Flavor: Your Gluten Free Passport,42.95,True,16,1,Default,70ed59f194b3c556
"A Piece of Sky, a Grain of Rice: A Memoir in Four Meditations",56.76,True,16,5,Default,8a380641491d43ed
Thirteen Reasons Why,52.72,True,15,1,Default,bc2a85fd35fdc7bd
Thomas Jefferson and the Tripoli Pirates: The Forgotten War That Changed American History,59.64,True,15,1,History,de3f25248ba0789f
Throne of Glass (Throne of Glass #1),35.07,True,15,3,Fantasy,590a9cccf7db9f7d
The Third Wave: An Entrepreneur’s Vision of the Future,12.61,True,15,5,Business,3bebf34ee9330cbd
The Vacationers,42.15,True,15,4,Fiction,fd3a622648667296
The Stranger,17.44,True,15,4,Philosophy,f5a92cff83897d48
The Wedding Dress,24.12,True,15,1,Romance,623e1a180426039b
The White Cat and the Monk: A Retelling of the Poem “Pangur Bán”,58.08,True,15,4,Childrens,37c0cb19713d8dda
Tracing Numbers on a Train,41.60,True,15,3,Default,d7d6d50c1e3d0b81
Tuesday Nights in 1980,21.04,True,15,2,Fiction,b8736690cf263a3c
"William Shakespeare's Star Wars: Verily, A New Hope (William Shakespeare's Star Wars #4)",43.30,True,15,4,Science Fiction,9270575728a13a61
You Are What You Love: The Spiritual Power of Habit,21.87,True,15,4,Religion,796c87ddbbaaf8c5
The Shadow Hero (The Shadow Hero),33.14,True,15,1,Sequential Art,d6361d16212664ed
The Murder of Roger Ackroyd (Hercule Poirot #4),44.10,True,15,4,Mystery,c7b5183f4d1d4efe
The Nerdy Nummies Cookbook: Sweet Treats for the Geek in All of Us,37.34,True,15,5,Food and Drink,e4c7f3487d17fd42
The Psychopath Test: A Journey Through the Madness Industry,36.00,True,15,2,Default,e98a4efa85070c2f
The Omnivore's Dilemma: A Natural History of Four Meals,38.21,True,15,2,Nonfiction,209adad1015af86f
The Regional Office Is Under Attack!,51.36,True,15,5,Fiction,0651062381f0636a
The Power of Now: A Guide to Spiritual Enlightenment,43.54,True,15,2,Nonfiction,8ec14b1576cb7cb5
The Project,10.65,True,15,1,Science Fiction,790ef197c8f236f5
The Secret (The Secret #1),27.37,True,15,4,Default,961f18db4f138211
The Cookies & Cups Cookbook: 125+ sweet & savory recipes reminding you to Always Eat Dessert First,41.25,True,15,1,Food and Drink,96a38e7c813d8f1d
The Emerald Mystery,23.15,True,15,2,Default,d6670dfe3e7b42bd
The Girl on the Train,55.02,True,15,2,Default,e956d67c9bcc5809
The Genius of Birds,17.24,True,15,1,Nonfiction,42d0d7c92b75fc1c
The House by the Lake,36.95,True,15,1,Historical Fiction,9287e238d7c3b06e
The Glittering Court (The Glittering Court #1),44.28,True,15,1,Fantasy,2dbb7ec08cdd7f3c
The Mistake (Off-Campus #2),43.29,True,15,3,New Adult,99ff4cc6491e8f5c
The Kite Runner,41.82,True,15,4,Default,eac1a180047ad54e
The Matchmaker's Playbook (Wingmen Inc. #1),55.85,True,15,1,New Adult,08db62f24627e71f
The Long Shadow of Small Ghosts: Murder and Memory in an American City,10.97,True,15,1,Crime,abeafe151a587d3b
The Bridge to Consciousness: I'm Writing the Bridge Between Science and Our Old and New Beliefs.,32.00,True,15,3,Default,efc3768127714ec3
So You've Been Publicly Shamed,12.23,True,15,2,Nonfiction,1b33663ad7b95fd8
Soft Apocalypse,26.12,True,15,2,Science Fiction,2a70769cdc6eb8b8
Suddenly in Love (Lake Haven #1),55.99,True,15,2,Romance,203b7f94b7d6115f
The 10% Entrepreneur: Live Your Startup Dream Without Quitting Your Day Job,27.55,True,15,3,Business,56e4f9eab2e8e674
Something More Than This,16.24,True,15,4,Romance,ca71e72655bece85
The Argonauts,10.93,True,15,2,Autobiography,c99761a700ade23f
The Art of War,33.34,True,15,5,Default,e7469e22b5bfb3e7
Night Sky with Exit Wounds,41.05,True,15,1,Poetry,cfeb1e1e0e695b58
The Artist's Way: A Spiritual Path to Higher Creativity,38.49,True,15,5,Nonfiction,dd047728de72ad62
"Nightingale, Sing",38.28,True,15,1,Young Adult,50b8f80311b31ede
Mrs. Houdini,30.25,True,15,5,Historical Fiction,a40723994f715420
Poses for Artists Volume 1 - Dynamic and Sitting Poses: An Essential Reference for Figure Drawing and the Human Form,41.06,True,15,1,Default,d9c643fa1fc57bdb
Poems That Make Grown Women Cry,14.19,True,15,4,Poetry,31001a1210623bd4
Redeeming Love,20.47,True,15,5,Christian Fiction,b53db2271c9624f7
Romero and Juliet: A Tragic Tale of Love and Zombies,36.94,True,15,1,Default,e656e280bc8edd56
The Love and Lemons Cookbook: An Apple-to-Zucchini Celebration of Impromptu Cooking,37.60,True,15,2,Food and Drink,e28e330cbdf01126
Scarlett Epstein Hates It Here,43.55,True,15,5,Young Adult,1c929cfd16b71907
Secrets and Lace (Fatal Hearts #1),20.27,True,15,1,Default,ad04ad9fc179fc5d
"Shobu Samurai, Project Aryoku (#3)",29.06,True,15,3,Add a comment,0c27e6c3744fc14b
First Steps for New Christians (Print Edition),29.00,True,15,1,Default,2f88b08bf0a0e367
Follow You Home,21.36,True,15,1,Horror,8585760646e3aa2a
Shoe Dog: A Memoir by the Creator of NIKE,23.99,True,15,2,Business,0e0dcc3339602b28
Finders Keepers (Bill Hodges Trilogy #2),53.53,True,15,5,Fiction,edb3097e71330040
Frostbite (Vampire Academy #2),29.99,True,15,5,Young Adult,116a2fdc9a45bab0
Modern Romance,28.26,True,15,5,Add a comment,caf4fe9311f1dc59
Hollow City (Miss Peregrine’s Peculiar Children #2),42.98,True,15,1,Fantasy,4ce91d31c1e57c33
Grumbles,22.16,True,15,2,Default,d163dd6c352fbcd2
Large Print Heart of the Pride,19.15,True,15,2,Default,c1afd71fc86bf682
Library of Souls (Miss Peregrine’s Peculiar Children #3),48.56,True,15,5,Young Adult,ba54932df84e8cea
Full Moon over Noah’s Ark: An Odyssey to Mount Ararat and Beyond,49.43,True,15,4,Travel,ce60436f52c5ee68
"Fables, Vol. 1: Legends in Exile (Fables #1)",41.62,True,15,4,Sequential Art,65d034adf80834b7
"Deliciously Ella Every Day: Quick and Easy Recipes for Gluten-Free Snacks, Packed Lunches, and Simple Meals",42.16,True,15,3,Food and Drink,46c1530d7546ea6d
Doing It Over (Most Likely To #1),35.61,True,15,3,Romance,3a11bb962ff45b78
I Had a Nice Time And Other Lies...: How to find love & sh*t like that,57.36,True,15,4,Womens Fiction,fd8585283fc7d2d7
Little Red,13.47,True,15,3,Childrens,4aa03792b50f0b22
Done Rubbed Out (Reightman & Bailey #1),37.72,True,15,5,Default,f6d967cdadc6fbd9
Drive: The Surprising Truth About What Motivates Us,34.95,True,15,4,Default,6ffb36aaeff1c81e
Eureka Trivia 6.0,54.59,True,15,4,Default,29c0025455f8c585
Louisa: The Extraordinary Life of Mrs. Adams,16.85,True,15,2,Biography,d69dd8dac66f9f84
Dark Notes,19.19,True,15,5,Erotica,88c21fcd38e2486e
Batman: The Long Halloween (Batman),36.50,True,15,2,Sequential Art,7edc0527cf782e19
Becoming Wise: An Inquiry into the Mystery and Art of Living,27.43,True,15,2,Nonfiction,919e7cb2269a25d2
Beauty Restored (Riley Family Legacy Novellas #3),11.11,True,15,2,Default,3f69e667a67e54d9
Miss Peregrine’s Home for Peculiar Children (Miss Peregrine’s Peculiar Children #1),10.76,True,15,1,Default,af96613fdd793a3c
Big Magic: Creative Living Beyond Fear,30.80,True,15,3,Nonfiction,1f329c2e7d7de8bd
Chasing Heaven: What Dying Taught Me About Living,37.80,True,15,2,Spirituality,513271dadc1322ae
Close to You,49.46,True,15,4,Christian Fiction,a57b1dcbd6849222
You (You #1),43.61,True,14,5,Thriller,024387ca4cafd5cc
"Wonder Woman: Earth One, Volume One (Wonder Woman: Earth One #1)",37.34,True,14,4,Sequential Art,047097293bb4d1c0
Why the Right Went Wrong: Conservatism--From Goldwater to the Tea Party and Beyond,52.65,True,14,4,Politics,2b5054a4192e9b06
Agnostic: A Spirited Manifesto,12.51,True,15,5,Nonfiction,d195e7f4ed697350
Wild Swans,14.36,True,14,2,Young Adult,3fb15ace50d6142b
Zealot: The Life and Times of Jesus of Nazareth,24.70,True,14,3,History,dd5bfa6cc2c0ecc3
Amy Meets the Saints and Sages,18.46,True,15,3,Default,7ebfa6c1bee69e1e
Amid the Chaos,36.58,True,15,1,Cultural,bb8245f52c7cce8f
"Daring Greatly: How the Courage to Be Vulnerable Transforms the Way We Live, Love, Parent, and Lead",19.43,True,15,3,Nonfiction,3b9a3b4624b7fd6d
Ayumi's Violin,15.48,True,15,2,Default,05f7c6d9a4e582d3
Amatus,50.54,True,15,5,Default,ffd54178acc9a6a5
Batman: The Dark Knight Returns (Batman),15.38,True,15,5,Sequential Art,47271d8e08b5d31c
Anonymous,46.82,True,15,4,Default,d24b829be2ca81c4
Whole Lotta Creativity Going On: 60 Fun and Unusual Exercises to Awaken and Strengthen Your Creativity,38.20,True,14,4,Nonfiction,44a10f1ac8ce822e
Through the Woods,25.38,True,14,2,Sequential Art,6e44bcbeac7f4360
Until Friday Night (The Field Party #1),46.31,True,14,2,Young Adult,aba2db9afb1469c7
"We Are Robin, Vol. 1: The Vigilante Business (We Are Robin #1)",53.90,True,14,1,Sequential Art,92275cedf6d8ee15
Walt Disney's Alice in Wonderland,12.96,True,14,5,Childrens,6a31307a81e8f3a8
Twenty Yawns,22.08,True,14,2,Childrens,1d6443ffba9dfd80
V for Vendetta (V for Vendetta Complete),37.10,True,14,4,Default,4a1debca3135ff37
What's It Like in Space?: Stories from Astronauts Who've Been There,19.60,True,14,2,Nonfiction,6fd646a334e6e133
The Star-Touched Queen,46.02,True,14,5,Fantasy,1528279aec1f3dce
The Rosie Project (Don Tillman #1),54.04,True,14,1,Default,012094e90a4b908d
The Song of Achilles,37.40,True,14,5,Add a comment,e88fb1c9397cfb27
The Time Keeper,27.88,True,14,5,Fiction,e9906e2f0d189745
The Songs of the Gods,44.48,True,14,5,Default,00c4543ec6bd25b4
The Testament of Mary,52.67,True,14,4,Fiction,081305e6df719dff
"Unbroken: A World War II Story of Survival, Resilience, and Redemption",45.95,True,14,2,Default,76c84daa539426e2
The White Queen (The Cousins' War #1),25.91,True,14,5,Add a comment,6875c5657661b2fb
The Wedding Pact (The O'Malleys #2),32.61,True,14,3,Romance,c5cb9f885d8b3621
The Year of Magical Thinking,43.04,True,14,2,Nonfiction,34c0d7c4ee5650af
The Wright Brothers,56.80,True,14,4,Default,08b2f71d93836313
This Is Where It Ends,27.12,True,14,2,Young Adult,f0f38174a7e689a3
The Power of Habit: Why We Do What We Do in Life and Business,16.88,True,14,3,Default,6bdd909329435e80
The Hidden Oracle (The Trials of Apollo #1),52.26,True,14,2,Fantasy,992974ba6a0536ea
The Help Yourself Cookbook for Kids: 60 Easy Plant-Based Recipes Kids Can Make to Stay Healthy and Save the Earth,28.77,True,14,3,Food and Drink,ddc8340dabc8641b
The Immortal Life of Henrietta Lacks,40.67,True,14,2,Add a comment,f72f61ad6a5f12ed
The Last Mile (Amos Decker #2),54.21,True,14,2,Mystery,3bc89353f7e3a3cc
The Long Haul (Diary of a Wimpy Kid #9),44.07,True,14,1,Humor,f21effc079a2b38a
The Literature Book (Big Ideas Simply Explained),17.43,True,14,3,Nonfiction,4881cc53f6c8892f
The Loney,23.40,True,14,1,Horror,2d88a31f325dfd3b
The Lucifer Effect: Understanding How Good People Turn Evil,10.40,True,14,1,Psychology,4e812d32d64e2431
The Marriage of Opposites,28.08,True,14,4,Historical Fiction,52cf2a5933ec5d8f
That Darkness (Gardiner and Renner #1),13.92,True,14,1,Mystery,0c7b9cf2b7662b65
Take Me with You,45.21,True,14,3,Fiction,2c04320e110a14a3
Tastes Like Fear (DI Marnie Rome #3),10.69,True,14,1,Mystery,2d1e337aaf341858
The Bad-Ass Librarians of Timbuktu: And Their Race to Save the World’s Most Precious Manuscripts,15.77,True,14,1,Nonfiction,923831a05c9f91f7
The 14th Colony (Cotton Malone #11),39.24,True,14,1,Thriller,1b8187fa4bf6ab05
The Bane Chronicles (The Bane Chronicles #1-11),44.73,True,14,4,Fantasy,dc6f688b82e42a5b
The Darkest Lie,35.35,True,14,5,Young Adult,6edacfd1f8ebb9eb
The Dovekeepers,48.78,True,14,1,Add a comment,3d76bc83c6b644c9
The First Hostage (J.B. Collins #2),25.85,True,14,3,Fiction,a86972014275e072
The Guilty (Will Robie #4),13.82,True,14,2,Thriller,847935fc68707426
Swell: A Year of Waves,45.58,True,14,1,Nonfiction,4c8b7540409da4ac
"So Cute It Hurts!!, Vol. 6 (So Cute It Hurts!! #6)",35.43,True,14,4,Sequential Art,394f6d30cafc3edb
See America: A Celebration of Our National Parks & Treasured Sites,48.87,True,14,3,Travel,f9705c362f070608
Shtum,55.84,True,14,4,Fiction,830fb3967c74866d
salt.,46.78,True,14,4,Poetry,86cbddb61ea78bb7
Someone Like You (The Harrisons #2),52.79,True,14,5,Contemporary,a278db6b2b09cf9f
Sorting the Beef from the Bull: The Science of Food Fraud Forensics,44.74,True,14,4,Science,3edcccc4f341fb1a
Steve Jobs,39.50,True,14,5,Default,95019eac1c0a052f
Still Life with Bread Crumbs,26.41,True,14,3,Fiction,fe44cc816576c652
Superman Vol. 1: Before Truth (Superman by Gene Luen Yang #1),11.89,True,14,5,Sequential Art,ac8e3949d284e9a9
Once Was a Time,18.28,True,14,2,Childrens,e34efcc824685332
"Overload: How to Unplug, Unwind, and Unleash Yourself from the Pressure of Stress",52.15,True,14,3,Self Help,8ecf0356a3878811
Pet Sematary,10.56,True,14,3,Horror,af58a74e4b2a23a0
"Quarter Life Poetry: Poems for the Young, Broke and Hangry",50.89,True,14,5,Poetry,aa35446aab16017f
"Naruto (3-in-1 Edition), Vol. 14: Includes Vols. 40, 41 & 42 (Naruto: Omnibus #14)",38.39,True,14,2,Sequential Art,71e36f33981ddb74
No Dream Is Too High: Life Lessons From a Man Who Walked on the Moon,21.95,True,14,2,Nonfiction,132ec5e8c984adef
Old School (Diary of a Wimpy Kid #10),11.83,True,14,5,Humor,02b74068fa98d8a4
Rain Fish,23.57,True,14,3,Childrens,a6454e329f872b78
"Red Hood/Arsenal, Vol. 1: Open for Business (Red Hood/Arsenal #1)",25.48,True,14,2,Sequential Art,31e2e2d9cca3778f
Robin War,47.82,True,14,3,Sequential Art,85b2176b3b194030
My Name Is Lucy Barton,41.56,True,14,1,Fiction,727bf2b86b19ad88
"Hyperbole and a Half: Unfortunate Situations, Flawed Coping Mechanisms, Mayhem, and Other Things That Happened",14.75,True,14,5,Humor,fbb21a2f71f4d981
"Hush, Hush (Hush, Hush #1)",47.02,True,14,3,Default,6b6cd77fbc91b7a6
I Am Pilgrim (Pilgrim #1),10.60,True,14,4,Fiction,aeff7b87a8e83ebb
I Know What I'm Doing -- and Other Lies I Tell Myself: Dispatches from a Life Under Construction,25.98,True,14,4,Humor,b8a8ff84233f0570
"It's All Easy: Healthy, Delicious Weeknight Meals in under 30 Minutes",19.55,True,14,1,Food and Drink,245e6bf08b8d2955
Lady Midnight (The Dark Artifices #1),16.28,True,14,5,Default,708345c9897fd7c5
Island of Dragons (Unwanteds #7),29.65,True,14,1,Fantasy,2b52334fab158861
"Living Leadership by Insight: A Good Leader Achieves, a Great Leader Builds Monuments",46.91,True,14,4,Default,17fb5a88180f9904
Looking for Lovely: Collecting the Moments that Matter,29.14,True,14,5,Nonfiction,24af96df0bafb925
Let It Out: A Journey Through Journaling,26.79,True,14,5,Nonfiction,1174156c4a0eccaa
Love Is a Mix Tape (Music #1),18.03,True,14,1,Music,adb5f51c2e2ab13f
Lowriders to the Center of the Earth (Lowriders in Space #2),51.51,True,14,2,Sequential Art,a10c7515834240f3
Luckiest Girl Alive,49.83,True,14,3,Default,d512871626a5e588
Made to Stick: Why Some Ideas Survive and Others Die,38.85,True,14,5,Business,b96fc7a0ea7d4b45
More Than Music (Chasing the Dream #1),37.61,True,14,2,Add a comment,47d47155e89c8be7
My Mrs. Brown,24.48,True,14,3,Fiction,cc82685d9f49bc2c
My Kind of Crazy,40.36,True,14,1,Young Adult,137b0b2775701e11
Mr. Mercedes (Bill Hodges Trilogy #1),28.90,True,14,1,Fiction,caa2e5b3fb1b2d4c
Luis Paints the World,53.95,True,14,3,Childrens,5b43cae640f2338a
Hold Your Breath (Search and Rescue #1),28.82,True,14,1,Romance,0b165bd4b9f42fd5
El Deafo,57.62,True,14,5,Sequential Art,27c5968fe43cc06e
Eligible (The Austen Project #4),27.09,True,14,3,Fiction,9eaf58b03a2779cc
Every Last Word,46.47,True,14,3,Default,a2bd4ca82d908442
"Far & Away: Places on the Brink of Change: Seven Continents, Twenty-Five Years",15.06,True,14,4,Nonfiction,ac4dde0d1be05de0
Feathers: Displays of Brilliant Plumage,49.05,True,14,3,Art,9194ae88379dbf1a
Glory over Everything: Beyond The Kitchen House,45.84,True,14,3,Historical Fiction,de4b403cb629a29f
Greek Mythic History,10.23,True,14,5,Default,f201f263d8c23f97
Hamilton: The Revolution,58.79,True,14,3,Nonfiction,afa829857f82f99e
Cometh the Hour (The Clifton Chronicles #6),25.01,True,14,3,Fiction,28cf0d1c51b491e5
Crazy Love: Overwhelmed by a Relentless God,47.72,True,14,2,Christian,4b9d9cfe0f435788
Daily Fantasy Sports,36.58,True,14,1,Default,0e94a089328be4bc
Dear Mr. Knightley,11.21,True,14,5,Fiction,94a958ea126cdcd5
God: The Most Unpleasant Character in All Fiction,30.03,True,14,5,Religion,eec424a84c9e4c68
Demigods & Magicians: Percy and Annabeth Meet the Kanes (Percy Jackson & Kane Chronicles Crossover #1-3),37.51,True,14,5,Fantasy,3c6fe637a0180b01
Doctor Sleep (The Shining #2),40.12,True,14,2,Horror,bf5de316a5e9a4ab
Don't Get Caught,55.35,True,14,1,Young Adult,ad2887ce04583910
"Eat Fat, Get Thin",54.07,True,14,2,Health,047dfa57ba0bf638
"Eaternity: More than 150 Deliciously Easy Vegan Recipes for a Long, Healthy, Satisfied, Joyful Life",51.75,True,14,5,Nonfiction,a01f6d368ef64dc5
Eight Hundred Grapes,14.39,True,14,4,Fiction,1d6dd0c87d90fe92
Code Name Verity (Code Name Verity #1),22.13,True,14,4,Add a comment,33a3e0e3ffde0dcd
Carrie,46.23,True,14,2,Default,5f22418922fa728b
"Carry On, Warrior: Thoughts on Life Unarmed",31.85,True,14,3,Default,1b0fc9f777cad045
Catching Jordan (Hundred Oaks),50.83,True,14,3,Young Adult,e2e7b683b4c15b7d
Cell,20.29,True,14,4,Add a comment,bfbb54bc8cdeed2b
City of Ashes (The Mortal Instruments #2),47.27,True,14,1,Default,8a6ec2761f91dad2
City of Fallen Angels (The Mortal Instruments #4),11.23,True,14,4,Default,1e264c677d4ee4ae
City of Bones (The Mortal Instruments #1),43.28,True,14,1,Default,5b987e54ee72525c
City of Glass (The Mortal Instruments #3),56.02,True,14,4,Fantasy,966ebb738e0f9d9b
Angels Walking (Angels Walking #1),34.20,True,14,2,Add a comment,1fbb5f786e53a0ce
Angels & Demons (Robert Langdon #1),51.48,True,14,3,Default,ad41c24ccac0c7ce
Aristotle and Dante Discover the Secrets of the Universe (Aristotle and Dante Discover the Secrets of the Universe #1),58.14,True,14,4,Young Adult,41164b8ac02a2c42
Art Ops Vol. 1,48.80,True,14,3,Sequential Art,ffdc825785c0ede8
Barefoot Contessa at Home: Everyday Recipes You'll Make Over and Over Again,50.62,True,14,5,Food and Drink,0e0da9192a025efc
Balloon Animals,17.03,True,14,3,Fiction,9b65f676984c9f0c
Batman: Europa,32.01,True,14,2,Sequential Art,bf68dcb5fad3cc8c
Brain on Fire: My Month of Madness,49.32,True,14,5,Nonfiction,a80f66b254fe9eb3
Buying In: The Secret Dialogue Between What We Buy and Who We Are,37.80,True,14,4,Nonfiction,16ef91b9d827859c
Clockwork Angel (The Infernal Devices #1),44.14,True,14,1,Default,42b0c50fc44140ec
All the Light We Cannot See,29.87,True,14,5,Historical,39861fc1c0845d15
A Distant Mirror: The Calamitous 14th Century,14.58,True,14,3,History,d5e0526e1ab682a3
A Man Called Ove,39.72,True,14,1,Fiction,8682c03de6a844ff
A Study in Scarlet (Sherlock Holmes #1),16.73,True,14,2,Mystery,63ee5bc46066a8a8
A Time of Torment (Charlie Parker #14),48.35,True,14,5,Mystery,4416c474713ec1f5
"A Series of Catastrophes and Miracles: A True Story of Love, Science, and Cancer",56.48,True,14,2,Add a comment,c1379d3744f1dd2c
Abstract City,56.37,True,14,5,Nonfiction,cf1aa2fc02a7d1e0
"Adulthood Is a Myth: A ""Sarah's Scribbles"" Collection",10.90,True,14,2,Sequential Art,5319169a72714c62
Tipping Point for Planet Earth: How Close Are We to the Edge?,37.55,True,12,1,Science,148715df5a02ea5e
The Star-Touched Queen,32.30,True,12,5,Fantasy,4a7a25be293ad678
Will You Won't You Want Me?,13.86,True,12,3,Womens Fiction,077b635ff2afc578
The Silent Sister (Riley MacPherson #1),46.29,True,12,5,Fiction,ce1ae197ada2aec4
13 Hours: The Inside Account of What Really Happened In Benghazi,27.06,True,13,1,Nonfiction,4be9d1910f8a4e80
My Kitchen Year: 136 Recipes That Saved My Life,11.53,True,13,2,Food and Drink,8bbd7df8a324f31d
A People's History of the United States,40.79,True,14,2,Add a comment,1ad06aed9349af46
Rook,37.86,True,13,4,Add a comment,44d97b6707dae3f0
Searching for Meaning in Gailana,38.73,True,13,1,Fantasy,2f0213137a80d485
"The Three Searches, Meaning, and the Story",13.33,True,13,3,Default,ac5e0d3938caf686
A Brush of Wings (Angels Walking #3),55.51,True,14,1,Add a comment,01a177623cce9596
1491: New Revelations of the Americas Before Columbus,21.80,True,14,3,History,6e8e5626ac4d279e
Barefoot Contessa Back to Basics,28.01,True,14,1,Food and Drink,999912e63a3262ae
The Dinner Party,56.54,True,12,2,Fiction,c6ca293d4810e0d5
Snatched: How A Drug Queen Went Undercover for the DEA and Was Kidnapped By Colombian Guerillas,21.21,True,12,3,Nonfiction,f40fea200e0c644f
The Children,11.88,True,12,3,Add a comment,64fd010bf8d15096
The Diary of a Young Girl,59.90,True,12,3,Nonfiction,54fc03f1e1d355db
The Midnight Watch: A Novel of the Titanic and the Californian,26.20,True,12,1,Add a comment,14e44163678e24dc
Stars Above (The Lunar Chronicles #4.5),48.05,True,12,2,Young Adult,b63ea3f7a57ae099
The Epidemic (The Program 0.6),14.44,True,12,5,Young Adult,f732d7d18a91d2ba
The Golden Condom: And Other Essays on Love Lost and Found,39.43,True,12,1,Psychology,235fa48eeed11d82
The Gray Rhino: How to Recognize and Act on the Obvious Dangers We Ignore,59.15,True,12,4,Add a comment,3063c7e95d0bf76f
The Lonely City: Adventures in the Art of Being Alone,33.26,True,12,2,Nonfiction,582a21a1dbbef3cf
How to Speak Golf: An Illustrated Guide to Links Lingo,58.32,True,12,5,Default,b978c9852cde91bd
"Love, Lies and Spies",20.55,True,12,2,Historical Fiction,9546d537fbf99eb6
Most Wanted,35.28,True,12,3,Mystery,c039f5aceb093537
Murder at the 42nd Street Library (Raymond Ambler #1),54.36,True,12,4,Mystery,e7fe3bf2768602cf
One with You (Crossfire #5),15.71,True,12,4,Add a comment,81ef44fcc5f454df
Poisonous (Max Revere Novels #3),26.80,True,12,3,Mystery,abdd91e96515a617
Psycho: Sanitarium (Psycho #1.5),36.97,True,12,5,Horror,b8d7b3f5c7a95d65
Quench Your Own Thirst: Business Lessons Learned Over a Beer or Two,43.14,True,12,1,Business,8976d9161c027142
Raspberry Pi Electronics Projects for the Evil Genius,49.67,True,12,4,Default,ebf81a62e4798fd1
Hide Away (Eve Duncan #20),11.84,True,12,1,Mystery,bddc6fd036eb6279
"A la Mode: 120 Recipes in 60 Pairings: Pies, Tarts, Cakes, Crisps, and More Topped with Ice Cream, Gelato, Frozen Custard, and More",38.77,True,12,1,Food and Drink,a4eef523118805ef
A Paris Apartment,39.01,True,12,4,Historical Fiction,63343e287971bb0c
Boar Island (Anna Pigeon #19),59.48,True,12,3,Mystery,49b24c6a41b82bd2
Can You Keep a Secret? (Fear Street Relaunch #4),48.64,True,12,1,Horror,d069086944f2e330
Dirty (Dive Bar #1),40.83,True,12,4,Romance,df7e628bad5782b4
Eleanor & Park,56.51,True,12,5,Default,6983328f15506cb9
Furiously Happy: A Funny Book About Horrible Things,41.46,True,12,4,Nonfiction,c6a29d6df8de968c
Off the Hook (Fishing for Trouble #1),47.67,True,11,3,Romance,b783ce08802cd1d1
Playing with Fire,13.71,True,11,3,Mystery,05a61a3bd8ca4149
"Setting the World on Fire: The Brief, Astonishing Life of St. Catherine of Siena",21.15,True,11,2,Biography,b06599b108e83f98
Equal Is Unfair: America's Misguided Fight Against Income Inequality,56.86,True,12,1,Politics,3968e3fbf4695d7c
Sleeping Giants (Themis Files #1),48.74,True,11,1,Science Fiction,f435aa99d864077d
The Art of Startup Fundraising,21.00,True,11,3,Business,1c584f82a7a1c4f0
Take Me Home Tonight (Rock Star Romance #3),53.98,True,11,3,Romance,cf62fa272b5f0fa3
The Improbability of Love,59.45,True,11,1,Fiction,437d8dea9272d0a9
"The Sleep Revolution: Transforming Your Life, One Night at a Time",11.68,True,11,4,Nonfiction,985991708c47003e
The Widow,27.26,True,11,2,Mystery,6159d8b187831770
Everyday Italian: 125 Simple and Delicious Recipes,20.10,True,12,5,Food and Drink,76319fe9d8b465a3
Troublemaker: Surviving Hollywood and Scientology,48.39,True,11,2,Default,515cb8fcafb1ad98
Grey (Fifty Shades #4),48.49,True,11,4,Womens Fiction,b5953ca1f8a0b8d7
Mothering Sunday,13.34,True,11,2,Fiction,47e1b2d43f709995
"Exit, Pursued by a Bear",51.34,True,11,4,Young Adult,c65c25d990fc7025
It Didn't Start with You: How Inherited Family Trauma Shapes Who We Are and How to End the Cycle,56.27,True,11,3,Psychology,ce8666d9b42fc9a0
Keep Me Posted,20.46,True,11,4,Womens Fiction,20dc4f1ac5d4fd9c
No Love Allowed (Dodge Cove #1),54.65,True,12,4,Young Adult,db84624b151cbe06
Lies and Other Acts of Love,45.14,True,11,1,Fiction,469508882dfc1991
10-Day Green Smoothie Cleanse: Lose Up to 15 Pounds in 10 Days!,49.71,True,10,5,Health,96aa539bfd4c07e2
"10% Happier: How I Tamed the Voice in My Head, Reduced Stress Without Losing My Edge, and Found Self-Help That Actually Works",24.57,True,10,2,Nonfiction,34669b2e9d407d3a
11/22/63,48.48,True,11,3,Fiction,a9d7b75461084a26
A Gentleman's Position (Society of Gentlemen #3),14.75,True,11,5,Romance,40c4bf520c17de54
Lab Girl,40.85,True,11,1,Autobiography,825d6c44da3ca5a6
A Mother's Reckoning: Living in the Aftermath of Tragedy,19.53,True,11,3,Nonfiction,2b69dec0193511d9
Adultery,20.88,True,11,5,Default,bb967277222e689c
Cravings: Recipes for What You Want to Eat,20.50,True,11,3,Food and Drink,2587c54f5530dafc
Arena,21.36,True,11,4,Science Fiction,2c34f9432069b52b
Born for This: How to Find the Work You Were Meant to Do,21.59,True,11,5,Business,816180220e8cb419
Lilac Girls,17.28,True,11,2,Historical Fiction,bade9943ee01b63f
Daredevils,16.34,True,11,3,Fiction,f608c903c451f387
M Train,27.18,True,11,1,Autobiography,5569c3fea112718e
Without Shame,48.27,True,9,5,Add a comment,ab60e6f5a63e1cfb
"The Fabric of the Cosmos: Space, Time, and the Texture of Reality",55.91,True,9,1,Science,ca74f2e3c35a3e77
The Flowers Lied,16.68,True,9,2,Default,33396269bcce166f
The Book of Mormon,24.57,True,9,3,Religion,3f25a2fedae191cc
"The Moosewood Cookbook: Recipes from Moosewood Restaurant, Ithaca, New York",12.34,True,9,4,Food and Drink,65cfc9f242c2984a
The New Brand You: Your New Image Makes the Sale for You,44.05,True,9,5,Default,4b50fb1359ebf35d
The Shack,28.03,True,9,1,Fiction,903a9f8090104c2c
Dress Your Family in Corduroy and Denim,43.68,True,9,3,Humor,7e9068872228c474
"Fruits Basket, Vol. 9 (Fruits Basket #9)",33.95,True,9,4,Sequential Art,97187f5cf0385da3
Don't Forget Steven,33.23,True,9,1,Young Adult,e845d305f64154f1
Modern Day Fables,47.44,True,9,2,Default,6baac632f7711e26
If I Gave You God's Phone Number....: Searching for Spirituality in America,20.91,True,9,1,Spirituality,8fab4c4f6f82a4ce
"NaNo What Now? Finding your editing process, revising your NaNoWriMo book and building a writing career through publishing and beyond",10.41,True,9,4,Default,ee6c67859d70186b
Nap-a-Roo,25.08,True,9,1,Childrens,913e7109cec0cb4c
The Alien Club,54.40,True,9,1,Young Adult,e77594ece9b9d1fe
Suzie Snowflake: One beautiful flake (a self-esteem story),54.81,True,9,5,Novels,0e095ed785af7e43
The Art and Science of Low Carbohydrate Living,52.98,True,9,5,Health,f9c87ccb2bc4853b
Underlying Notes,11.82,True,9,2,Default,0967effecd292a86
Unlimited Intuition Now,58.87,True,9,4,Default,4fd0a2a350f016e6
Watchmen,58.05,True,9,4,Add a comment,d1848064c54e01c7
"Mother, Can You Not?",16.89,True,11,5,Nonfiction,28b2df9fadc9f07e
Chernobyl 01:23:40: The Incredible True Story of the World's Worst Nuclear Disaster,35.92,True,9,2,Nonfiction,7186241e043de5dc
When Breath Becomes Air,39.36,True,8,2,Nonfiction,b69c852e7e3956af
A Hero's Curse (The Unseen Chronicles #1),50.49,True,9,3,Add a comment,c181ca8eabe7d18c
The Unlikely Pilgrimage of Harold Fry (Harold Fry #1),43.62,True,8,5,Default,e0bdd79c7304ee8d
Vagabonding: An Uncommon Guide to the Art of Long-Term World Travel,36.94,True,8,2,Travel,1809259a5a5f1d8d
"Zero to One: Notes on Startups, or How to Build the Future",34.06,True,8,3,Nonfiction,e77033ce559947f7
Why Not Me?,17.76,True,8,1,Nonfiction,04f6c929888f4f11
23 Degrees South: A Tropical Tale of Changing Whether...,35.79,True,9,2,Add a comment,61cf7eb9d2cd8bb0
South of Sunshine,28.93,True,8,1,Young Adult,331c26103d885cae
Shadows of the Past (Logan Point #1),39.67,True,8,5,Christian Fiction,bee6e93e9976f4fa
Silence in the Dark (Logan Point #4),58.33,True,8,3,Suspense,e46a164cf310fd7d
Smarter Faster Better: The Secrets of Being Productive in Life and Business,38.89,True,8,5,Nonfiction,a2475a245c9907c4
The E-Myth Revisited: Why Most Small Businesses Don't Work and What to Do About It,36.91,True,8,1,Business,a2308a936e898d48
The Grownup,35.88,True,8,1,Short Stories,1bba4b1ba23ed2d6
The High Mountains of Portugal,51.15,True,8,1,Fiction,4f283dfcbeccc0d4
Art and Fear: Observations on the Perils (and Rewards) of Artmaking,48.63,True,9,4,Art,d6d9ffea95f2f8bf
The New Drawing on the Right Side of the Brain,43.02,True,8,3,Art,3eec766dda26fa64
"The Midnight Assassin: Panic, Scandal, and the Hunt for America's First Serial Killer",28.45,True,8,4,Nonfiction,5a0d2e9284004266
A Shard of Ice (The Black Symphony Saga #1),56.63,True,9,3,Fantasy,63d5f1651880dcea
The Martian (The Martian #1),41.39,True,8,2,Default,9afd00e81d6208e6
Roller Girl,14.10,True,8,5,Sequential Art,aeb51dfbe8aeec59
Living Forward: A Proven Plan to Stop Drifting and Get the Life You Want,12.55,True,8,3,Nonfiction,044534b0b28b4e87
"Love That Boy: What Two Presidents, Eight Road Trips, and My Son Taught Me About a Parent's Expectations",25.06,True,8,2,Nonfiction,4d3a4c7b442a9a4e
Please Kill Me: The Uncensored Oral History of Punk,31.19,True,8,4,Music,4a823d80aa30dbb0
Miller's Valley,58.54,True,8,2,Fiction,bff270fe9c86a5a9
My Life Next Door (My Life Next Door ),36.39,True,8,5,Young Adult,9a7291b89bd5445c
Out of Print: City Lights Spotlight No. 14,53.64,True,8,5,Poetry,c0fc0cd215ee1724
Man's Search for Meaning,29.48,True,8,3,Nonfiction,4729afff3bea0f0a
Proofs of God: Classical Arguments from Tertullian to Barth,54.21,True,8,1,Philosophy,d56d0710668bb39c
Rising Strong,21.82,True,8,3,Nonfiction,52fc458ffc756faf
Hystopia: A Novel,21.96,True,8,4,Fiction,0bfdef63285d3019
Howl and Other Poems,40.45,True,8,2,Poetry,b7870fa6dc088fbb
History of Beauty,10.29,True,8,4,Art,8a150fd8ff5d7686
John Vassos: Industrial Design for Modern Life,20.22,True,8,4,Default,bd26e8a79a856c31
I Will Find You,44.21,True,8,1,Nonfiction,bbf1ea50be8008ab
I'll Give You the Sun,56.48,True,8,1,Default,0ab4b35dcffcffd1
Kierkegaard: A Christian Missionary to Christians,47.13,True,8,1,Philosophy,0cf57cb49272fd37
Kill 'Em and Leave: Searching for James Brown and the American Soul,45.05,True,8,5,Music,39eefec3a8498dde
Left Behind (Left Behind #1),40.72,True,8,2,Default,29af1a2566c4e36e
Les Fleurs du Mal,29.04,True,8,5,Poetry,c44c5e1425475206
Heaven is for Real: A Little Boy's Astounding Story of His Trip to Heaven and Back,52.86,True,8,2,Default,d48c1369927ebef1
Being Mortal: Medicine and What Matters in the End,55.06,True,8,4,Nonfiction,15ebd83e53d0391b
Between the World and Me,56.91,True,8,4,Nonfiction,04e3de7ac35ec5cd
"A Murder Over a Girl: Justice, Gender, Junior High",13.20,True,8,3,Nonfiction,fef91502cbacf23a
Brazen: The Courage to Find the You That's Been Hiding,19.22,True,8,2,Nonfiction,77e9ea355bd8ae57
Brilliant Beacons: A History of the American Lighthouse,11.45,True,8,3,History,7f5157bf53065d36
Diary of a Citizen Scientist: Chasing Tiger Beetles and Other New Ways of Engaging the World,28.41,True,8,1,Science,0c11e2d068768dbb
Death by Leisure: A Cautionary Tale,37.51,True,8,4,Default,4dbd54d9e36c9566
Ender's Game (The Ender Quintet #1),43.64,True,8,1,Default,e049d44c4f1cf1b2
Future Shock (Future Shock #1),55.65,True,8,5,Young Adult,df6a7c43faa6732b
Under the Tuscan Sun,37.33,True,7,3,Travel,a94350ee74deaa07
Toddlers Are A**holes: It's Not Your Fault,25.55,True,7,1,Humor,4242cc3d0437db12
Unreasonable Hope: Finding Faith in the God Who Brings Purpose to Your Pain,46.33,True,7,2,Spirituality,48cb52d78c992487
What Happened on Beale Street (Secrets of the South Mysteries #2),25.37,True,7,5,Mystery,9735c969c652dd89
The Whale,35.96,True,7,4,Childrens,0ff9d10864db8364
The Year of Living Biblically: One Man's Humble Quest to Follow the Bible as Literally as Possible,34.72,True,7,1,Default,4a0b78598b42897a
You Are a Badass: How to Stop Doubting Your Greatness and Start Living an Awesome Life,12.08,True,7,3,Self Help,88ec621893e595d0
32 Yolks,53.63,True,8,2,Food and Drink,b1a227b7609ff263
"""Most Blessed of the Patriarchs"": Thomas Jefferson and the Empire of the Imagination",44.48,True,8,5,History,f16c2edb2a603f92
The Story of Art,41.14,True,7,4,Art,9147c5251cc99eb1
The Bachelor Girl's Guide to Murder (Herringford and Watts Mysteries #1),52.30,True,7,5,Mystery,20789fb17b423c4c
The Bourne Identity (Jason Bourne #1),42.78,True,7,4,Fiction,d250657f0ebc5d73
The Constant Princess (The Tudor Court #1),16.62,True,7,3,Historical Fiction,24933c712f0bca2f
The Drowning Girls,35.67,True,7,3,Add a comment,7a10353c9c54cf7c
The Faith of Christopher Hitchens: The Restless Soul of the World's Most Notorious Atheist,39.55,True,7,1,Biography,57f85720e54d6442
The Glass Castle,16.24,True,7,1,Add a comment,47f4fd3e8e1dac05
The Origin of Species,10.01,True,7,4,Science,0345872b14f9e774
The Great Gatsby,36.05,True,7,4,Default,a8dbf1c6b41b885a
"Rich Dad, Poor Dad",51.74,True,7,1,Business,8486f61aa81a3daa
"Shrunken Treasures: Literary Classics, Short, Sweet, and Silly",52.87,True,7,3,Childrens,9639e89d20228e6e
Sister Dear,40.20,True,7,4,Fiction,7ffebdd1d5148aef
The Good Girl,49.03,True,7,3,Default,f935412970c9f58f
"Sit, Stay, Love",20.90,True,7,3,Romance,bd087cf6a846db75
Wildlife of New York: A Five-Borough Coloring Book,22.14,True,7,2,Default,b46d022080543144
Playing from the Heart,32.38,True,7,1,Childrens,68008abf6409dfde
Raymie Nightingale,34.41,True,7,2,Childrens,31c56c4d0fe19340
Steal Like an Artist: 10 Things Nobody Told You About Being Creative,20.90,True,7,2,Default,8776181be110838a
The Art Book,32.34,True,7,2,Art,4b8fa561a1e52d1c
Team of Rivals: The Political Genius of Abraham Lincoln,20.12,True,7,5,Add a comment,ba047a636b7d3793
The 7 Habits of Highly Effective People: Powerful Lessons in Personal Change,33.17,True,7,4,Default,5fbd03b1ac0a0e69
John Adams,57.43,True,7,4,Add a comment,68407606544d6f22
King's Folly (The Kinsman Chronicles #1),39.61,True,7,5,Fantasy,4c82371b8cd02d4d
How to Cook Everything Vegetarian: Simple Meatless Recipes for Great Food (How to Cook Everything),46.01,True,7,4,Food and Drink,2a9fcb3382d351c8
Life of Pi,13.22,True,7,4,Default,40cdcbb7692fd408
Leave This Song Behind: Teen Poetry at Its Best,51.17,True,7,5,Poetry,b74ee891e2a6dd69
Like Never Before (Walker Family #2),28.77,True,7,2,Christian Fiction,b6670507e85b30e6
Memoirs of a Geisha,49.67,True,7,3,Fiction,dac4b5847454fd9b
Nightstruck: A Novel,50.35,True,7,4,Young Adult,746029796363aa51
Meternity,43.58,True,7,3,Womens Fiction,725cd8d23d78cdca
"Naturally Lean: 125 Nourishing Gluten-Free, Plant-Based Recipes--All Under 300 Calories",11.38,True,7,5,Food and Drink,924438fc6cbec836
Delivering the Truth (Quaker Midwife Mystery #1),20.89,True,7,4,Mystery,4e980425468708da
Every Heart a Doorway (Every Heart A Doorway #1),12.16,True,7,5,Fantasy,4fa75fc6829431ca
For the Love: Fighting for Grace in a World of Impossible Standards,45.13,True,7,3,Nonfiction,2e40333991f56f45
Finding God in the Ruins: How God Redeems Pain,46.64,True,7,2,Nonfiction,4e78f06160b717ac
"Fruits Basket, Vol. 7 (Fruits Basket #7)",19.57,True,7,1,Sequential Art,de6d7645f192d517
Good in Bed (Cannie Shapiro #1),37.05,True,7,5,Add a comment,c00bc29a678a6efb
"Chronicles, Vol. 1",52.60,True,7,2,Music,4781b6bfd6f7a2c5
Counted With the Stars (Out from Egypt #1),17.97,True,7,5,Christian Fiction,4807043b8218e9ce
Blue Like Jazz: Nonreligious Thoughts on Christian Spirituality,25.77,True,7,1,Christian,a322361a37a78d3d
How to Be a Domestic Goddess: Baking and the Art of Comfort Cooking,28.25,True,7,2,Food and Drink,eff5710404e2ff78
Benjamin Franklin: An American Life,48.19,True,7,3,Biography,5b546a46a86a9d8c
A Summer In Europe,44.34,True,7,2,Travel,cc1936a9f4e93477
A Gathering of Shadows (Shades of Magic #2),44.81,True,7,4,Fantasy,d1378a0ad06ff979
"At The Existentialist Café: Freedom, Being, and apricot cocktails with: Jean-Paul Sartre, Simone de Beauvoir, Albert Camus, Martin Heidegger, Edmund Husserl, Karl Jaspers, Maurice Merleau-Ponty and others",29.93,True,7,5,Philosophy,6b52904b2ab91bf6
A Short History of Nearly Everything,52.40,True,7,5,History,6c7fa6844380f50a
The Sound Of Love,57.84,True,6,5,Default,5ba3d703d1ae0c1d
The Rise and Fall of the Third Reich: A History of Nazi Germany,39.67,True,6,2,History,774fa432bd7d9c47
The Invention of Wings,37.34,True,6,1,Historical Fiction,e6635f5b0a2c78db
The Joy of Cooking,43.27,True,6,4,Add a comment,d326e189b1210916
The Makings of a Fatherless Child,31.58,True,6,2,Default,2efa5a839e62b1bd
The Man Who Mistook His Wife for a Hat and Other Clinical Tales,59.45,True,6,4,Nonfiction,60376aa71be66083
The Mysterious Affair at Styles (Hercule Poirot #1),24.80,True,6,4,Mystery,2da5edf8b5776c9a
The Perks of Being a Wallflower,55.02,True,6,3,Default,fd364afd082f5446
The Fellowship of the Ring (The Lord of the Rings #1),10.27,True,6,2,Default,cb17945cb90b7837
The Collected Poems of W.B. Yeats (The Collected Works of W.B. Yeats #1),15.42,True,6,5,Poetry,3d250ab0f12be445
The Girl You Left Behind (The Girl You Left Behind #1),15.79,True,6,1,Historical,eb7459e0c570251d
The God Delusion,46.85,True,6,3,Add a comment,2bc80eba94950873
The Golden Compass (His Dark Materials #1),18.77,True,6,1,Add a comment,d33824cb93ecab6f
The Hobbit (Middle-Earth Universe),17.80,True,6,5,Default,72b5355dda190b6a
The Great Railway Bazaar,30.54,True,6,1,Travel,48736df57e7bec9f
The Barefoot Contessa Cookbook,59.92,True,6,5,Food and Drink,6478ccb4416e6a5d
"Fruits Basket, Vol. 6 (Fruits Basket #6)",20.96,True,6,4,Sequential Art,97258f576d4bb672
Fun Home: A Family Tragicomic,56.59,True,6,4,Add a comment,56a34d0cec11d6b0
Give It Back,18.32,True,6,2,Thriller,012170e4fc87ace0
"Girl, Interrupted",42.14,True,6,3,Nonfiction,384c7d41d5ffe9d1
In Cold Blood,49.98,True,6,4,Nonfiction,fe0f34ebed689381
How to Stop Worrying and Start Living,46.49,True,6,5,Self Help,e792c0969cefe1b8
In the Woods (Dublin Murder Squad #1),38.38,True,6,2,Mystery,6958de044cb28a84
Me Before You (Me Before You #1),19.02,True,6,1,Fiction,7a2b51f69e81c722
Mere Christianity,48.51,True,6,3,Add a comment,f38f37ed934d84b2
A Year in Provence (Provence #1),56.88,True,6,4,Travel,9e60929f521fa280
An Unquiet Mind: A Memoir of Moods and Madness,21.30,True,6,3,Psychology,46cb43c2ab133ccc
Better Homes and Gardens New Cook Book,39.61,True,6,3,Food and Drink,faf841f81c52638b
Catherine the Great: Portrait of a Woman,58.55,True,6,4,History,f3c70d296ec796c4
Ship Leaves Harbor: Essays on Travel by a Recovering Journeyman,30.60,True,6,3,Default,8d8e9f9b8730eb25
Pride and Prejudice,19.27,True,6,4,Add a comment,720c36b2bee4692e
Tell the Wolves I'm Home,50.96,True,6,2,Young Adult,2a1b3d967cda1da2
"Death Note, Vol. 6: Give-and-Take (Death Note #6)",36.39,True,6,3,Sequential Art,6e06d0f00f6da20f
Musicophilia: Tales of Music and the Brain,46.58,True,6,1,Default,6d235933670503d9
World Without End (The Pillars of the Earth #2),32.97,True,5,4,Historical Fiction,2e5b4ff08a75fd02
Deception Point,40.32,True,6,4,Fiction,4e3b183180e2a992
The Raven King (The Raven Cycle #4),30.57,True,5,2,Add a comment,2e4fc5eacceec12c
The Secret Garden,15.08,True,5,4,Classics,abbb492978ff656d
This Is Your Brain on Music: The Science of a Human Obsession,38.40,True,5,1,Music,bc209a900101f28d
Two Summers,14.64,True,5,1,Young Adult,3a7d54a264d9f33e
What If?: Serious Scientific Answers to Absurd Hypothetical Questions,53.68,True,5,4,Default,163d89116179c33f
Where She Went (If I Stay #2),41.73,True,5,4,Young Adult,60369d96b7b80869
Why Save the Bankers?: And Other Essays on Our Economic and Political Crisis,48.67,True,5,2,Nonfiction,759ee7d059b1beb8
"Will Grayson, Will Grayson (Will Grayson, Will Grayson)",47.31,True,5,4,Young Adult,e75f3ae1da1cc652
The Expatriates,44.58,True,5,2,Fiction,fe7210553d56c097
The False Prince (The Ascendance Trilogy #1),56.00,True,5,5,Fantasy,a2a9f76339d21ab1
The Fault in Our Stars,47.22,True,5,1,Default,3661360c99719414
The Grand Design,13.76,True,5,3,Science,3213b1f13f5f0f7c
The Firm,45.56,True,5,3,Fiction,ad84f18659e6bfe2
The Hiding Place,55.91,True,5,4,History,c4589ee5977a47be
The Power Greens Cookbook: 140 Delicious Superfood Recipes,11.05,True,5,5,Food and Drink,f701fae56b645ef7
The Mathews Men: Seven Brothers and the War Against Hitler's U-boats,42.91,True,5,5,History,0d210d2448c3018f
The Raven Boys (The Raven Cycle #1),57.74,True,5,4,Fantasy,e0b3a679b83caccc
The Metamorphosis,28.58,True,5,1,Classics,93379e3a2072a01b
The Dream Thieves (The Raven Cycle #2),34.50,True,5,1,Default,fec06f52054ea900
Remember Me?,11.48,True,5,3,Default,2973d38c2fbd7a5c
Shiver (The Wolves of Mercy Falls #1),16.23,True,5,5,Default,59a8ae019b64f2a7
Siddhartha,34.22,True,5,5,Fiction,84bb29c53592ac40
Tell Me Three Things,41.81,True,5,1,Young Adult,50d5a7b861ed1c54
Tell the Wind and Fire,45.51,True,5,3,Fantasy,84126312e2431a09
Talking to Girls About Duran Duran: One Young Man's Quest for True Love and a Cooler Haircut,25.15,True,5,4,Nonfiction,1dba84766a5e87b8
The 5th Wave (The 5th Wave #1),11.83,True,5,2,Default,b716233fcb6877e6
The Crossover,38.77,True,5,4,Poetry,b228042c088b1913
The Little Paris Bookshop,24.73,True,5,3,Fiction,dfd9ff1f343cdaff
The Darkest Corners,11.33,True,5,5,Young Adult,c4182bdb53e2459a
Killing Floor (Jack Reacher #1),31.49,True,5,4,Thriller,8dde2ff3f6fcc0a3
Kill the Boy Band,15.52,True,5,5,Young Adult,44f545727e704187
Last One Home (New Beginnings #1),59.98,True,5,3,Fiction,07e6810fd3236bda
Logan Kade (Fallen Crest High #5.5),13.12,True,5,2,Academic,7093cf549cd2e7de
Maybe Something Beautiful: How Art Transformed a Neighborhood,22.54,True,5,1,Childrens,81c68492ccd72941
Lola and the Boy Next Door (Anna and the French Kiss #2),23.63,True,5,4,Young Adult,5e1a88d248599768
Mexican Today: New and Rediscovered Recipes for Contemporary Kitchens,24.91,True,5,5,Food and Drink,12a90b90283b2e6d
My Mother Was Nuts,31.63,True,5,4,Nonfiction,a4ce39a3720cd679
Red Dragon (Hannibal Lecter #1),23.37,True,5,3,Horror,e958ae92f328c181
Peak: Secrets from the New Science of Expertise,16.28,True,5,2,Science,6036239d2ab349b7
Isla and the Happily Ever After (Anna and the French Kiss #3),48.13,True,5,5,Young Adult,45045146dbf7b009
Drama,38.70,True,5,2,Default,d5ad4c92d8bf26c9
Evicted: Poverty and Profit in the American City,42.27,True,5,1,Add a comment,75cc85cdbe9ad46b
Find Her (Detective D.D. Warren #8),22.37,True,5,1,Add a comment,b28c7d07afa7063b
Fool Me Once,16.96,True,5,1,Default,630e766f0a1987dd
Foundation (Foundation (Publication Order) #1),32.42,True,5,1,Science Fiction,3fc124f59f3068e4
Harry Potter and the Deathly Hallows (Harry Potter #7),23.32,True,5,1,Default,6c49258724f11770
"Fruits Basket, Vol. 5 (Fruits Basket #5)",16.33,True,5,1,Sequential Art,3fd83dcf37bf1bc0
I Know Why the Caged Bird Sings (Maya Angelou's Autobiography #1),36.55,True,5,2,Default,d219d4e325e6f204
Booked,17.49,True,5,5,Poetry,b54d7416bb445989
America's War for the Greater Middle East: A Military History,51.22,True,5,2,History,add33db6ff80db24
An Abundance of Katherines,10.00,True,5,5,Young Adult,f36d24c309e87e5b
Approval Junkie: Adventures in Caring Too Much,58.81,True,5,5,Autobiography,612369a5947a012e
"Blue Lily, Lily Blue (The Raven Cycle #3)",34.13,True,5,5,Default,ad5e078beceaeb4a
Critique of Pure Reason,20.75,True,5,1,Philosophy,429b4a811bef386c
"Data, A Love Story: How I Gamed Online Dating to Meet My Match",32.35,True,5,3,Nonfiction,bcf567421c581f0a
Digital Fortress,58.00,True,5,5,Fiction,94bb629a3f6dd00b
"Death Note, Vol. 5: Whiteout (Death Note #5)",52.41,True,5,1,Sequential Art,1c0a38899c82b60a
Dracula the Un-Dead,35.63,True,5,5,Horror,e46b1074b99ac4b6
If I Stay (If I Stay #1),38.13,True,5,5,Default,7284d85428305f5a
Alight (The Generations Trilogy #2),58.59,True,5,4,Default,d9290e99f189ce84
The Pilgrim's Progress,50.26,True,4,2,Classics,6053ddf69c967d5f
The Perfect Play (Play by Play #1),59.99,True,4,3,Romance,9cc207168a03470d
The Shining (The Shining #1),27.88,True,4,3,Default,d4de23aa98acc65b
A Game of Thrones (A Song of Ice and Fire #1),46.42,True,5,2,Add a comment,03cbb67c0f990d87
A Clash of Kings (A Song of Ice and Fire #2),10.79,True,5,3,Add a comment,89a89e76f3516357
A Feast for Crows (A Song of Ice and Fire #4),17.21,True,5,4,Fantasy,f2c8f4b4c94d5c5c
The Bone Hunters (Lexy Vaughan & Steven Macaulay #2),59.71,True,4,3,Thriller,9c4d061c1e2fe6bf
"The Demon Prince of Momochi House, Vol. 4 (The Demon Prince of Momochi House #4)",27.88,True,4,2,Sequential Art,df53c2948b32bde3
The Demonists (Demonist #1),52.11,True,4,2,Fantasy,ff2dffba388d9922
Some Women,13.73,True,4,5,Womens Fiction,31f5bbf4974d29c9
The Beast (Black Dagger Brotherhood #14),46.08,True,4,5,Fantasy,8930013d06942df1
The Geography of Bliss: One Grump's Search for the Happiest Places in the World,28.23,True,4,2,Nonfiction,c65ee14957c0fa5c
The Gunning of America: Business and the Making of American Gun Culture,16.81,True,4,4,Nonfiction,45033bdf3d9ed158
The Hound of the Baskervilles (Sherlock Holmes #5),14.82,True,4,2,Classics,6587f46697fc4443
The Hunger Games (The Hunger Games #1),29.85,True,4,5,Default,6d2f70d9424f41a1
The Jazz of Physics: The Secret Link Between Music and the Structure of the Universe,38.71,True,4,3,Nonfiction,6a57286a8890d8c5
The Passion of Dolssa,28.32,True,4,5,Historical Fiction,011674f4a3834b8d
A Girl's Guide to Moving On (New Beginnings #2),31.30,True,5,1,Romance,cf3b86489890b9f2
Shopaholic Ties the Knot (Shopaholic #3),48.39,True,4,5,Womens Fiction,38199c5d7da0c0ef
Vogue Colors A to Z: A Fashion Coloring Book,52.35,True,4,4,Default,a8f4577a48023344
Misery,34.79,True,4,2,Horror,81d4191030b9704b
No One Here Gets Out Alive,20.02,True,4,5,Music,3a95f5a2df4ff921
Little Women (Little Women #1),28.07,True,4,4,Classics,deda806b68b0aa11
Night Shift (Night Shift #1-20),12.75,True,4,4,Horror,869d20b3b8128230
Mockingjay (The Hunger Games #3),20.44,True,4,4,Default,5212c6acea3359e5
Needful Things,47.51,True,4,4,Horror,70b585c9d0f15725
Outlander (Outlander #1),19.67,True,4,5,Default,5de4baa88061a77a
"Fruits Basket, Vol. 4 (Fruits Basket #4)",50.44,True,4,4,Sequential Art,8fff1084aa085a13
Girl With a Pearl Earring,26.77,True,4,1,Historical Fiction,5eff05e59f905a49
Gone with the Wind,32.49,True,4,3,Classics,23310ce84d3c9f85
Harry Potter and the Chamber of Secrets (Harry Potter #2),14.74,True,4,1,Fantasy,c7c4f55b7321cba7
Harry Potter and the Half-Blood Prince (Harry Potter #6),48.75,True,4,5,Fantasy,73f4f87dd936ee5c
Harry Potter and the Order of the Phoenix (Harry Potter #5),31.63,True,4,4,Fantasy,5a6b7155f2797537
Harry Potter and the Prisoner of Azkaban (Harry Potter #3),24.17,True,4,4,Young Adult,eff24325e0ede639
Harry Potter and the Sorcerer's Stone (Harry Potter #1),13.90,True,4,3,Default,ac337893a9fe0085
It,25.01,True,4,3,Horror,670a2773607d785d
Paper and Fire (The Great Library #2),49.45,True,4,5,Fantasy,ae884ac655d6ee3e
Far From True (Promise Falls Trilogy #2),34.93,True,4,2,Thriller,ad15a9a139919918
"Orchestra of Exiles: The Story of Bronislaw Huberman, the Israel Philharmonic, and the One Thousand Jews He Saved from Nazi Horrors",12.36,True,4,3,Music,2ba5ccc84d35006c
Atlas Shrugged,26.58,True,4,5,Fiction,78a4ac98191ac675
Candide,58.63,True,4,3,Classics,2798974abc8a58a8
Changing the Game (Play by Play #2),13.38,True,4,3,Romance,aaebac5fda798b1b
Confessions of a Shopaholic (Shopaholic #1),48.94,True,4,2,Default,a2dc754afb69bb32
Dark Lover (Black Dagger Brotherhood #1),12.87,True,4,1,Romance,2b69d289279aabfd
Can You Keep a Secret?,21.94,True,4,1,Womens Fiction,0812f54c93d726ce
Wuthering Heights,17.73,True,3,3,Classics,5a7ff9aaa3168878
World War Z: An Oral History of the Zombie War,21.80,True,3,1,Default,5d55202da0252627
When You Are Engulfed in Flames,30.89,True,3,5,Humor,dab0196cd5fc8e5e
"Where'd You Go, Bernadette",18.13,True,3,1,Default,07bb35158d9dd3d2
God Is Not Great: How Religion Poisons Everything,27.80,True,4,1,Nonfiction,ddbc5530d2939d49
We Are All Completely Beside Ourselves,24.04,True,3,1,Contemporary,be3db344a845580b
Zero History (Blue Ant #3),34.77,True,3,1,Default,634b7165c96ebb9f
Wild: From Lost to Found on the Pacific Crest Trail,46.02,True,3,3,Default,d30b9215c72cca87
'Salem's Lot,49.56,True,4,4,Horror,6e9403f00acd6752
"A History of God: The 4,000-Year Quest of Judaism, Christianity, and Islam",27.62,True,4,1,Religion,d12ca4020c2f602e
Animal Farm,57.22,True,4,3,Classics,1451b55e5e56bb89
A Walk to Remember,56.43,True,4,1,Romance,aead11697d14ea36
Twenties Girl,42.80,True,3,2,Womens Fiction,8ebad30219b8679c
Two Boys Kissing,32.74,True,3,2,Young Adult,61bc8167c9680283
Walk the Edge (Thunder Road #2),32.36,True,3,3,Young Adult,0e4e2d31c2fb3aad
Twilight (Twilight #1),41.93,True,3,2,Default,b53078de0147f6bf
A New Earth: Awakening to Your Life's Purpose,55.65,True,4,5,Spirituality,f6ae39568db1130e
Under the Banner of Heaven: A Story of Violent Faith,30.00,True,3,1,Nonfiction,599a4f98bb193368
"Unstuffed: Decluttering Your Home, Mind, and Soul",58.09,True,3,1,Nonfiction,b830685072fa871f
We the People: The Modern-Day Figures Who Have Reshaped and Affirmed the Founding Fathers' Vision of America,31.95,True,3,3,Nonfiction,06bab964fd536971
Vegan Vegetarian Omnivore: Dinner for Everyone at the Table,13.66,True,3,2,Food and Drink,4672d10b9b1e7a05
Very Good Lives: The Fringe Benefits of Failure and the Importance of Imagination,50.66,True,3,3,Nonfiction,52aa3d79b1cee455
The Thing About Jellyfish,48.77,True,3,1,Childrens,3d15714d4d3d15dd
The Stand,57.86,True,3,2,Horror,49f24193f0b961e6
The Tipping Point: How Little Things Can Make a Big Difference,10.02,True,3,2,Add a comment,224fa77d4b248046
The Smitten Kitchen Cookbook,23.59,True,3,1,Food and Drink,742702d662a71410
The Undomestic Goddess,45.75,True,3,4,Womens Fiction,813cff2aefa5d1f0
The Wild Robot,56.07,True,3,3,Childrens,75fed6a47f69859d
"The Wicked + The Divine, Vol. 3: Commercial Suicide (The Wicked + The Divine)",14.41,True,3,3,Sequential Art,a33ed2e6068df53e
"Thinking, Fast and Slow",21.14,True,3,1,Psychology,719d72f3ee512dc6
"Trespassing Across America: One Man's Epic, Never-Done-Before (and Sort of Illegal) Hike Across the Heartland",53.51,True,3,1,Nonfiction,2173a2ce35f6ace1
Three-Martini Lunch,23.21,True,3,3,Fiction,57f755143ee96fd4
Voyager (Outlander #3),21.07,True,3,5,Historical Fiction,7feac4000cbc5859
The Silkworm (Cormoran Strike #2),23.05,True,3,5,Mystery,f06039c29b5891fa
The Purest Hook (Second Circle Tattoos #3),12.25,True,3,1,Romance,969f6c7e86554814
The Purpose Driven Life: What on Earth Am I Here for?,37.19,True,3,3,Add a comment,0e7beedf0ee9380c
The Red Tent,35.66,True,3,5,Historical Fiction,3c456328b04a8ee8
The Rest Is Noise: Listening to the Twentieth Century,34.77,True,3,1,Add a comment,e2d47e82c50d41d9
The Restaurant at the End of the Universe (Hitchhiker's Guide to the Galaxy #2),10.92,True,3,1,Science Fiction,0e92ccf1bd39e68f
The Rise of Theodore Roosevelt (Theodore Roosevelt #1),42.57,True,3,3,Biography,1a5044d233936b1a
The Road to Little Dribbling: Adventures of an American in Britain (Notes From a Small Island #2),23.21,True,3,1,Travel,366a236aa1ea6f07
The Lonely Ones,43.59,True,3,5,Childrens,cf2f27fdf94ba20e
The Nanny Diaries (Nanny #1),52.53,True,3,5,Womens Fiction,6263c1d2997b8ce0
The Travelers,15.77,True,3,1,Thriller,2b685187f55c5d31
The New Guy (and Other Senior Year Distractions),44.92,True,3,3,Young Adult,3e42ac0f4d43320f
The Nightingale,26.26,True,3,4,Fiction,29d6d87f3418638b
The Obsession,45.43,True,3,1,Romance,ee441c8e027caa66
The Paris Wife,36.80,True,3,3,Default,fa26798728f5208f
The Name of God is Mercy,37.25,True,3,2,Nonfiction,0baf71623648413a
The Maze Runner (The Maze Runner #1),20.93,True,3,1,Default,4266f48a0aa1c37d
The Picture of Dorian Gray,29.70,True,3,2,Classics,b9f6305a3d650e2c
The Rose & the Dagger (The Wrath and the Dawn #2),58.64,True,3,4,Fantasy,322a9e34d87f54b1
The Lean Startup: How Today's Entrepreneurs Use Continuous Innovation to Create Radically Successful Businesses,33.92,True,3,3,Business,70c7c3ca7f9b2728
"The Sandman, Vol. 3: Dream Country (The Sandman (volumes) #3)",55.55,True,3,5,Sequential Art,91eb9605998a7c03
The Guernsey Literary and Potato Peel Pie Society,49.53,True,3,1,Historical Fiction,4a0a276409968a73
The Guns of August,14.54,True,3,2,History,b5da59dd177eb36b
The Lover's Dictionary,58.09,True,3,2,Default,36c15687f5ab0f7c
The Hitchhiker's Guide to the Galaxy (Hitchhiker's Guide to the Galaxy #1),47.80,True,3,3,Add a comment,a8b0ea6490bc818f
The Demon-Haunted World: Science as a Candle in the Dark,52.25,True,3,4,Default,f51062bf579507d9
The Day the Crayons Came Home (Crayons),26.33,True,3,5,Childrens,b22362b434e8ee62
The Husband's Secret,52.51,True,3,5,Fiction,ff6bb30dd0c482a6
The Devil Wears Prada (The Devil Wears Prada #1),44.29,True,3,1,Womens Fiction,a6ab0cb7106a67f2
"The Disappearing Spoon: And Other True Tales of Madness, Love, and the History of the World from the Periodic Table of the Elements",57.35,True,3,5,Science,63c0826ef59eae66
"The Elegant Universe: Superstrings, Hidden Dimensions, and the Quest for the Ultimate Theory",13.03,True,3,4,Science,c6bf14cb901c63ac
"The End of Faith: Religion, Terror, and the Future of Reason",22.13,True,3,4,Add a comment,b3f2bc2cefb35f05
The Exiled,43.45,True,3,3,Mystery,dd003e904727281a
The Girl Who Kicked the Hornet's Nest (Millennium Trilogy #3),57.48,True,3,1,Add a comment,8f5d16a5a9bd58b2
The Girl Who Played with Fire (Millennium Trilogy #2),22.14,True,3,2,Default,bfa9cb304075d3e8
The Girl with All the Gifts,49.47,True,3,3,Horror,92dcc54a27107a37
The Giver (The Giver Quartet #1),12.30,True,3,1,Default,e2dac1f4739e0bd5
The Goldfinch,43.58,True,3,3,Default,c88422d8959260ab
The Last Painting of Sara de Vos,55.55,True,3,2,Historical Fiction,476c7972e9b41891
The Infinities,27.41,True,3,1,Fiction,554e9e2d532b3a87
"The Land of 10,000 Madonnas",29.64,True,3,4,Young Adult,35e69a79d2b1e804
The Book Thief,53.49,True,3,2,Default,a75e274c8814b539
The Da Vinci Code (Robert Langdon #2),22.96,True,3,2,Fiction,dabf11918b48b40c
The Case for Christ (Cases for Christianity),47.84,True,3,1,Add a comment,970bd3316219e7dc
The Cat in the Hat (Beginner Books B-1),16.26,True,3,2,Childrens,b7f475238ed50429
The Catcher in the Rye,24.55,True,3,1,Add a comment,487449f4f6322f0f
Something Blue (Darcy & Rachel #2),54.62,True,3,1,Womens Fiction,3fc9d51d1c4d6ba7
Something Borrowed (Darcy & Rachel #1),48.96,True,3,5,Womens Fiction,ac27ab4bcd9c492e
Shopaholic & Baby (Shopaholic #5),46.45,True,3,2,Default,c57d3c96af23c297
Stiff: The Curious Lives of Human Cadavers,36.74,True,3,3,Nonfiction,a11ae5f07572ef49
"Surely You're Joking, Mr. Feynman!: Adventures of a Curious Character",25.83,True,3,2,Science,61002f3b7ba5d780
The Art of Fielding,22.10,True,3,1,Fiction,2858ac90c4758e1f
"The Art of Simple Food: Notes, Lessons, and Recipes from a Delicious Revolution",34.32,True,3,3,Food and Drink,311634df10651e05
The Autobiography of Malcolm X,23.43,True,3,2,Default,b04a6a0db525857d
The Blind Side: Evolution of a Game,53.71,True,3,5,Add a comment,cd3dcd83bb002e78
The Book of Basketball: The NBA According to The Sports Guy,44.84,True,3,5,Sports and Games,08decd9664e5d56e
Soldier (Talon #3),24.72,True,3,2,Fantasy,feaaae90514eb2ac
Spilled Milk: Based on a True Story,49.51,True,3,1,Nonfiction,f08667e4c0458f37
The Complete Poems,41.32,True,3,5,Add a comment,23707d3ddf14a999
The Complete Stories and Poems (The Works of Edgar Allan Poe [Cameo Edition]),26.78,True,3,4,Classics,cad70d6ffd53912f
Seven Days in the Art World,52.33,True,3,2,Add a comment,07806456878931bc
The Cuckoo's Calling (Cormoran Strike #1),19.21,True,3,1,Mystery,1be6d3b121865edb
"Rise of the Rocket Girls: The Women Who Propelled Us, from Missiles to the Moon to Mars",41.67,True,3,4,Nonfiction,89cad3f37c9ce226
Rogue Lawyer (Rogue Lawyer #1),50.11,True,3,3,Add a comment,b4f5672f68ec3a83
Running with Scissors,12.91,True,3,4,Autobiography,28921443f052bea6
Sarah's Key,46.29,True,3,1,Add a comment,5b2cd5b31a510848
"Saga, Volume 3 (Saga (Collected Editions) #3)",21.57,True,3,5,Sequential Art,7b870bf85d01c2dc
Orange Is the New Black,24.61,True,3,2,Default,8378c899988905ee
One for the Money (Stephanie Plum #1),32.87,True,3,2,Default,3250650a5c4e6f07
Original Fake,31.45,True,3,3,Sequential Art,c59283b05905c853
Packing for Mars: The Curious Science of Life in the Void,56.68,True,3,2,Default,8e2dfd6bcf48e1e6
Persepolis: The Story of a Childhood (Persepolis #1-2),39.13,True,3,1,Sequential Art,cb62418129b864a3
Prodigy: The Graphic Novel (Legend: The Graphic Novel #2),43.63,True,3,3,Sequential Art,9707989a439757b4
Outliers: The Story of Success,14.16,True,3,1,Nonfiction,09a7b0b566ad6225
Quiet: The Power of Introverts in a World That Can't Stop Talking,43.55,True,3,1,Default,3c565df219ba3274
Ready Player One,19.07,True,3,4,Science Fiction,2ef5dc7e278e562a
Red: The True Story of Red Riding Hood,28.54,True,3,3,Childrens,4c8ece50736f9e88
Reservations for Two,11.10,True,3,3,Romance,ecdf73ee66c33b17
Rework,44.88,True,3,2,Business,8e9dd8431170c09e
Scarlet (The Lunar Chronicles #2),14.57,True,3,4,Young Adult,510832818edb6fbc
Seven Brief Lessons on Physics,30.60,True,3,4,Science,281a244ce1954711
Notes from a Small Island (Notes From a Small Island #1),40.17,True,3,1,Nonfiction,cb65e49993db9a93
Me Talk Pretty One Day,57.60,True,3,2,Autobiography,abc4a7ee16c21088
"Miracles from Heaven: A Little Girl, Her Journey to Heaven, and Her Amazing Story of Healing",57.83,True,3,1,Nonfiction,7980fa06f2b704d8
Morning Star (Red Rising #3),29.40,True,3,1,Default,7ce5a92baabb6bc0
Midnight Riot (Peter Grant/ Rivers of London - books #1),55.46,True,3,2,Fantasy,e9056f9b5a40a301
Manuscript Found in Accra,34.98,True,3,2,Add a comment,546da23278482b0a
Lust & Wonder,11.87,True,3,2,Autobiography,0dcadb06206abd3c
Naked,31.69,True,3,3,Humor,54aeeb4610d3ae08
Neither Here nor There: Travels in Europe,38.95,True,3,3,Travel,747cf7fca2ccdbd4
Let's Pretend This Never Happened: A Mostly True Memoir,45.11,True,3,1,Nonfiction,1246e4ffeb5ac4ea
Legend (Legend #1),43.69,True,3,4,Young Adult,0ce8075fab4a2b5b
"Lean In: Women, Work, and the Will to Lead",25.02,True,3,1,Default,d5e1a9bfe22bbf9f
Lady Renegades (Rebel Belle #3),53.04,True,3,5,Young Adult,16e843e6b853cc2f
"Lamb: The Gospel According to Biff, Christ's Childhood Pal",55.50,True,3,5,Humor,190fbebbf798c31a
Life After Life,26.13,True,3,2,Default,4ec53ff7e2263f32
Life Without a Recipe,59.04,True,3,5,Autobiography,c53d9fefcda371e9
"Life, the Universe and Everything (Hitchhiker's Guide to the Galaxy #3)",33.26,True,3,2,Science Fiction,4b3f4f151c99f472
Lila (Gilead #3),12.47,True,3,3,Fiction,4ef75307fb64e2ad
Night (The Night Trilogy #1),13.51,True,3,1,Nonfiction,c4d9fce9eff3b8ba
Jurassic Park (Jurassic Park #1),44.97,True,3,1,Fiction,a0dd11f6abc421ec
Hungry Girl Clean & Hungry: Easy All-Natural Recipes for Healthy Eating in the Real World,33.14,True,3,3,Food and Drink,6c4d17a46cac8787
I Am Malala: The Girl Who Stood Up for Education and Was Shot by the Taliban,28.88,True,3,2,Nonfiction,8010c7c148057fd3
I've Got Your Number,19.69,True,3,1,Womens Fiction,6b32b561dab8036c
If I Run (If I Run #1),49.97,True,3,4,Christian Fiction,61569d12d4ae7161
"In the Garden of Beasts: Love, Terror, and an American Family in Hitler's Berlin",28.85,True,3,3,Nonfiction,d8292cd5f1aca291
Inferno (Robert Langdon #4),41.00,True,3,5,Fiction,6c4646d90b60a56c
Into the Wild,56.70,True,3,5,Nonfiction,a7c3f1010d64799a
Is Everyone Hanging Out Without Me? (And Other Concerns),20.11,True,3,3,Default,034829ffdd0a0aea
It's Never Too Late to Begin Again: Discovering Creativity and Meaning at Midlife and Beyond,42.38,True,3,1,Nonfiction,d4a29356fc992879
Letter to a Christian Nation,22.20,True,3,1,Nonfiction,1de75f05d57bfc10
Gone Girl,37.60,True,3,5,Default,d5c588b6f9c015e4
Golden (Heart of Dread #3),42.21,True,3,4,Young Adult,984b3b6e7479b571
Gratitude,26.66,True,3,5,Nonfiction,c300cc9326592b65
"Grayson, Vol 3: Nemesis (Grayson #3)",42.72,True,3,1,Sequential Art,4f6985aca357ae09
Green Eggs and Ham (Beginner Books B-16),10.79,True,3,4,Childrens,621e2c310cec8d32
Heir to the Sky,44.07,True,3,4,Fantasy,b003f8bb02f76dc5
Horrible Bear!,37.52,True,3,2,Childrens,cc1ac978a6835ef6
"House of Lost Worlds: Dinosaurs, Dynasties, and the Story of Life on Earth",43.70,True,3,2,History,1812b8f5641287e3
House of Leaves,54.89,True,3,1,Horror,557c03c284be1bf2
Holidays on Ice,51.07,True,3,2,Humor,0cb4856be3694a57
Girl in the Blue Coat,46.83,True,3,2,Historical Fiction,41fc5dce044f16f5
Extreme Prey (Lucas Davenport #26),25.40,True,3,3,Mystery,588ba85ff11a3263
Eragon (The Inheritance Cycle #1),43.87,True,3,3,Fantasy,b843f52a986a2914
Fellside,38.62,True,3,1,Default,147019cae600694e
Fifty Shades Freed (Fifty Shades #3),15.36,True,3,5,Adult Fiction,ed813a848580ba50
"Fruits Basket, Vol. 3 (Fruits Basket #3)",45.17,True,3,2,Sequential Art,d5f5a122a593b580
"Friday Night Lights: A Town, a Team, and a Dream",51.22,True,3,3,Sports and Games,a9aa3ed5b316470b
Fire Bound (Sea Haven/Sisters of the Heart #5),21.28,True,3,4,Add a comment,2ed3a794a70aa85f
Dark Places,23.90,True,3,5,Default,66937c669c4da072
"David and Goliath: Underdogs, Misfits, and the Art of Battling Giants",17.81,True,3,1,Default,d234ddecef49ef4e
Darkfever (Fever #1),56.02,True,3,1,Fantasy,468bd274ac084bb9
Dead Wake: The Last Crossing of the Lusitania,39.24,True,3,5,Default,04d858cdeeee0da4
Crazy Rich Asians (Crazy Rich Asians #1),49.13,True,3,5,Fiction,c9782ad2a0ed9331
Counting Thyme,10.62,True,3,1,Childrens,157f693d9e600ccc
Cosmos,36.17,True,3,2,Add a comment,dbe33cf29ef1623d
Disrupted: My Misadventure in the Start-Up Bubble,15.28,True,3,5,Nonfiction,81372abc86f65c79
Dracula,52.62,True,3,3,Default,a7ec599c1a547746
Dune (Dune #1),54.86,True,3,1,Science Fiction,36d5884d44484277
Eclipse (Twilight #3),18.74,True,3,1,Default,73f71f9556442117
Civilization and Its Discontents,59.95,True,3,2,Psychology,396385e3de5d18c3
Blink: The Power of Thinking Without Thinking,21.74,True,3,5,Nonfiction,0bbc48294707ba96
"Born to Run: A Hidden Tribe, Superathletes, and the Greatest Race the World Has Never Seen",27.35,True,3,2,Nonfiction,e256de8aa0c2115f
Boy Meets Boy,21.12,True,3,3,Young Adult,8e0bc2fe4e7d35b5
Do Androids Dream of Electric Sheep? (Blade Runner #1),51.48,True,3,1,Science Fiction,98330e431e56a9ea
Breaking Dawn (Twilight #4),35.28,True,3,5,Default,bbfc4a3b7b6c94a0
Career of Evil (Cormoran Strike #3),24.72,True,3,2,Mystery,b461cf238506c5b8
Catastrophic Happiness: Finding Joy in Childhood's Messy Years,37.35,True,3,2,Parenting,ef49db2aaa9bb547
Cinder (The Lunar Chronicles #1),26.09,True,3,1,Young Adult,7e9579921e5407cb
Awkward,38.02,True,3,2,Sequential Art,1d89a2aa9f6ce50f
Are We Smart Enough to Know How Smart Animals Are?,56.58,True,3,1,Nonfiction,da0349a87c8caa2f
Are We There Yet?,10.66,True,3,3,Childrens,ef9c4f2465513956
Beautiful Creatures (Caster Chronicles #1),21.55,True,3,5,Default,5439bae708bca198
Beowulf,38.35,True,3,2,Classics,3fb69f34e178d494
Best of My Love (Fool's Gold #20),27.41,True,3,2,Romance,67dea6c75d6a1075
"Black Butler, Vol. 1 (Black Butler #1)",49.31,True,3,1,Sequential Art,15f415d436888b2d
Big Little Lies,22.11,True,3,1,Fiction,d3f9c4539c0caa64
Brave Enough,51.32,True,3,5,Nonfiction,fd2337c1b73b686e
8 Keys to Mental Health Through Exercise,31.04,True,3,1,Psychology,f5873c8fc7760000
Black Flags: The Rise of ISIS,40.87,True,3,1,Nonfiction,860318b8e244f39c
Annie on My Mind,36.83,True,3,5,Young Adult,7bf87402413c27ff
#GIRLBOSS,50.96,True,3,1,Add a comment,165affa7adb5eded
Ash,22.06,True,3,4,Fantasy,5d22e2a46604b6e7
Between Shades of Gray,20.79,True,3,5,Historical Fiction,155e42df837ee5ff
A Storm of Swords (A Song of Ice and Fire #3),31.22,True,3,2,Fantasy,87beabf664115d79
A Visit from the Goon Squad,14.08,True,3,5,Default,5dbd6ec4e154ad2f
A Walk in the Woods: Rediscovering America on the Appalachian Trail,30.48,True,3,4,Nonfiction,bcee4f289ff6699c
Girl Online On Tour (Girl Online #2),53.47,True,2,1,Young Adult,97b8f130d32e9f4e
H is for Hawk,57.42,True,2,5,Nonfiction,b6d3f4f4ee1f6069
Kindle Paperwhite User's Guide,34.00,True,2,3,Nonfiction,fb495f9f9015a772
New Moon (Twilight #2),12.86,True,2,4,Young Adult,6fa3ea52c8e31e06
"Run, Spot, Run: The Ethics of Keeping Pets",20.02,True,2,1,Philosophy,b0e479be03911916
"Saga, Volume 2 (Saga (Collected Editions) #2)",11.75,True,2,3,Sequential Art,9189fd009df41d0e
Sugar Rush (Offensive Line #2),24.42,True,2,1,Sports and Games,ce42e3de94226b2b
Life,31.58,True,2,5,Music,637e5a45062aa548
A Heartbreaking Work of Staggering Genius,54.29,True,3,5,Autobiography,c9770bb1d5a492a0
"The Sandman, Vol. 2: The Doll's House (The Sandman (volumes) #2)",54.81,True,2,1,Sequential Art,276dc716b1da8899
The Course of Love,16.78,True,2,3,Fiction,f3c76b53b239f511
"The Suffragettes (Little Black Classics, #96)",11.89,True,2,2,Nonfiction,d2185b65af52d68c
And Then There Were None,35.01,True,3,2,Classics,cfe350b20d23b02b
"Fruits Basket, Vol. 2 (Fruits Basket #2)",11.64,True,2,5,Sequential Art,c0db71f6bb14db11
The Sense of an Ending,31.38,True,2,3,Add a comment,4130678275eb7c8c
Vampire Girl (Vampire Girl #1),53.82,True,1,2,Fantasy,dab5e75d1339706a
The Selfish Gene,29.45,True,1,1,Science,6f2c0a9adbb2bca9
The Tumor,41.56,True,1,5,Nonfiction,6514add13c82b115
The Story of Hong Gildong,43.19,True,1,4,Classics,32d035df92ab9080
The Silent Twin (Detective Jennifer Knight #3),36.25,True,1,3,Fantasy,9e9932ae1a7d0943
The Silent Wife,12.34,True,1,5,Fiction,b78deb463531d078
Three Wishes (River of Time: California #1),44.18,True,1,2,Science Fiction,460f97a346b44bac
Ways of Seeing,39.51,True,1,5,Art,66a4e422b212726a
"Vampire Knight, Vol. 1 (Vampire Knight #1)",15.40,True,1,1,Paranormal,e7e87087b1a44711
Travels with Charley: In Search of America,57.82,True,1,5,Nonfiction,0268f149d014b389
This One Moment (Pushing Limits #1),48.71,True,1,1,Romance,d6d98d3508c30f57
The Zombie Room,19.69,True,1,5,Default,9c96cd1329fbd82d
When I'm Gone,51.96,True,1,3,Fiction,c5f91eb481427dc5
While You Were Mine,41.32,True,1,5,Historical Fiction,8ceb5c6aed2c5f8b
Where Lightning Strikes (Bleeding Stars #3),39.77,True,1,3,Romance,def389ddfda6991b
"Y: The Last Man, Vol. 1: Unmanned (Y: The Last Man #1)",18.51,True,1,4,Sequential Art,09d26b5f819c6a36
Diary of a Minecraft Zombie Book 1: A Scare of a Dare (An Unofficial Minecraft Book),52.88,True,2,4,Childrens,d7b463918d3b8c39
The Secret Healer,34.56,True,1,3,Historical Fiction,38f776ab9118aed7
The Light of the Fireflies,54.43,True,1,1,Add a comment,04e43893e32f9d29
The Little Prince,45.42,True,1,2,Classics,1aeca7d078d57deb
The Communist Manifesto,14.76,True,1,3,Add a comment,18b4545a5ed15581
The Complete Maus (Maus #1-2),10.64,True,1,3,Sequential Art,3301af038a720587
The Edge of Reason (Bridget Jones #2),19.18,True,1,4,Womens Fiction,29fc016c459aeb14
Twenty Love Poems and a Song of Despair,30.95,True,1,4,Poetry,e63c3f25338baf9a
"The Wicked + The Divine, Vol. 1: The Faust Act (The Wicked + The Divine)",36.52,True,1,2,Sequential Art,dac9d1e654fac737
The End of the Jesus Era (An Investigation #1),14.40,True,1,1,Nonfiction,09659d1639a1f978
The Girl In The Ice (DCI Erika Foster #1),15.85,True,1,3,Mystery,ee61197edb882599
The Girl You Lost,12.29,True,1,5,Mystery,4280ac3eab57aa5d
The Haters,27.89,True,1,5,Young Adult,fff8a057a40c4a60
The Hook Up (Game On #1),36.29,True,1,5,New Adult,6e473eff459e809f
The Iliad,16.16,True,1,1,Add a comment,86d8bd7afa5b51b3
The Mirror & the Maze (The Wrath and the Dawn #1.5),29.38,True,1,1,Fantasy,c40b70e0f6d80189
The Last Girl (The Dominion Trilogy #1),36.26,True,1,2,Science Fiction,16c71736dae78764
The Nicomachean Ethics,36.34,True,1,1,Philosophy,5c10b64db3e4f228
The No. 1 Ladies' Detective Agency (No. 1 Ladies' Detective Agency #1),57.70,True,1,4,Mystery,b0913e67d38d5ed5
The Name of the Wind (The Kingkiller Chronicle #1),50.59,True,1,3,Default,c8614adb1a90b027
The Odyssey,29.64,True,1,3,Add a comment,f0512adadffd2480
The Republic,33.78,True,1,3,Add a comment,0ec9d2b018fb10d8
"The Sandman, Vol. 1: Preludes and Nocturnes (The Sandman (volumes) #1)",54.12,True,1,3,Sequential Art,5faefdc861684eb1
Shameless,58.35,True,1,3,New Adult,c068c013d6921fea
The Bhagavad Gita,57.49,True,1,3,Religion,f3a0b8c835129558
Origins (Alphas 0.5),28.99,True,1,1,Fantasy,8932e5c12f12ffed
One Second (Seven #7),52.94,True,1,2,Fantasy,7ea31f38675b91c1
"Ouran High School Host Club, Vol. 1 (Ouran High School Host Club #1)",29.87,True,1,3,Sequential Art,326825e02a198cf6
"Paper Girls, Vol. 1 (Paper Girls #1-5)",21.71,True,1,4,Sequential Art,bcbcbcf0f6ed196f
Paradise Lost (Paradise #1),24.96,True,1,1,Default,849db7ab7f4a640c
"Saga, Volume 1 (Saga (Collected Editions) #1)",28.48,True,1,1,Sequential Art,4f64568dfefa3ce7
Settling the Score (The Summer Games #1),44.91,True,1,2,Sports and Games,132adf7335bb384a
Sense and Sensibility,37.46,True,1,1,Classics,35e44170702139a4
"Rhythm, Chord & Malykhin",28.34,True,1,2,Romance,9efb397067eb7e8a
Shadow Rites (Jane Yellowrock #10),21.72,True,1,4,Fantasy,229cd6564bf0dce4
"Rat Queens, Vol. 1: Sass & Sorcery (Rat Queens (Collected Editions) #1-5)",46.96,True,1,5,Sequential Art,3cdca3b4a93980f5
Shatter Me (Shatter Me #1),42.40,True,1,1,Default,9ed7090d8fa690b0
Sister Sable (The Mad Queen #1),13.33,True,1,3,Fantasy,3a9a7c5895e82646
Starlark,25.83,True,1,3,Historical Fiction,e25164e5b3fe208b
The Art of Not Breathing,40.83,True,1,4,Young Adult,5bc1fbccfbf2355c
Taking Shots (Assassins #1),18.88,True,1,2,Default,a7eef9d6795422c1
"Skip Beat!, Vol. 01 (Skip Beat! #1)",42.12,True,1,3,Sequential Art,2ac720f76384c57e
On the Road (Duluoz Legend),32.36,True,1,3,Default,9ff997ab15713e53
Meditations,25.89,True,1,2,Philosophy,4f19709e47883df5
The Bette Davis Club,30.66,True,1,3,Fiction,dfb0849016bc122c
"Ms. Marvel, Vol. 1: No Normal (Ms. Marvel (2014-2015) #1)",39.39,True,1,4,Sequential Art,35a60467893aa168
"Giant Days, Vol. 1 (Giant Days #1-4)",56.76,True,1,4,Sequential Art,eb0fe24bbc845ecc
Having the Barbarian's Baby (Ice Planet Barbarians #7.5),34.96,True,1,4,Science Fiction,6717a70913b3db79
"Fruits Basket, Vol. 1 (Fruits Basket #1)",40.28,True,1,5,Sequential Art,72e6fbf4f6382557
Imperfect Harmony,34.74,True,1,4,Romance,f28f7299d38c0932
"Hawkeye, Vol. 1: My Life as a Weapon (Hawkeye #1)",45.24,True,1,3,Sequential Art,6fe02600f322a0a9
Jane Eyre,38.43,True,1,5,Default,8d390a1fc3133d06
Listen to Me (Fusion #1),58.99,True,1,3,Romance,6e712ea24e77bd96
Kitchens of the Great Midwest,57.20,True,1,5,Fiction,06f6a57a6d532844
Lord of the Flies,24.89,True,1,3,Add a comment,71a6471bbdac21d9
Matilda,28.34,True,1,1,Childrens,1053fb7ee17a1f33
Myriad (Prentor #1),58.75,True,1,4,Fantasy,63e20a0f98218a87
Of Mice and Men,47.11,True,1,2,Classics,39592d9d72e717c4
Off Sides (Off #1),39.45,True,1,5,New Adult,b6f1cfadc4dd79d4
Old Records Never Die: One Man's Quest for His Vinyl and His Past,55.66,True,1,2,Music,a1985630339f4b3d
Frankenstein,38.00,True,1,2,Default,a492f49a3e2b6a71
Lost Among the Living,27.70,True,1,4,Historical Fiction,d510567580c8be52
Choosing Our Religion: The Spiritual Lives of America's Nones,28.42,True,1,4,Religion,a812f6969ddf3e39
"1,000 Places to See Before You Die",26.08,True,1,5,Travel,228ba5e7577e1d49
Deep Under (Walker Security #1),47.09,True,1,5,Romance,0072b94dfa30608e
"Eat, Pray, Love",51.32,True,1,3,Nonfiction,df56868afd166557
1st to Die (Women's Murder Club #1),53.98,True,1,1,Mystery,f684a82adc49f011
A Spy's Devotion (The Regency Spies of London #1),16.97,True,1,5,Historical Fiction,19fec36a1dfb4c16
Alice in Wonderland (Alice's Adventures in Wonderland #1),55.53,True,1,1,Classics,cd2a2a70dd5d176d
Beyond Good and Evil,43.38,True,1,1,Philosophy,08672cd59171d5e4
"Bleach, Vol. 1: Strawberry and the Soul Reapers (Bleach #1)",34.65,True,1,5,Sequential Art,099fae4a0705d63b
"Ajin: Demi-Human, Volume 1 (Ajin: Demi-Human #1)",57.06,True,1,4,Sequential Art,bfd5e1701c862ac3
My Perfect Mistake (Over the Top #1),38.92,True,1,2,Romance,fd78f89878479f56
Charlie and the Chocolate Factory (Charlie Bucket #1),22.85,True,1,3,Childrens,1774749f2cee292f
Icing (Aces Hockey #2),40.44,True,1,4,Sports and Games,3455b45888fb5053
Blood Defense (Samantha Brinkman #1),20.30,True,1,3,Mystery,95cdfd514098c38b
Bright Lines,39.07,True,1,5,Fiction,230ac636ea0ea415
Bounty (Colorado Mountain #7),37.26,True,1,4,Romance,abc0b15f2c907ff0
Bridget Jones's Diary (Bridget Jones #1),29.82,True,1,1,Womens Fiction,a2b4b685dfa94733
Charity's Cross (Charles Towne Belles #4),41.24,True,1,1,Romance,a96404cb928895f3
Emma,32.93,True,1,2,Classics,2e69730561ed70ad
Fighting Fate (Fighting #6),39.24,True,1,3,Romance,6390772a3094939d
Forever Rockers (The Rocker #12),28.80,True,1,3,Music,e564c3f1a93ccf2e
